============================================================
   Tang Dynasty, V6.2.168116
   Copyright (c) 2012-2025 Anlogic Inc.
   Executable = D:/Anlogic/bin/run.exe
   Built at =   16:32:07 Jun 12 2025
   Run by =     ¼ÖÓîÏè
   Run Date =   Tue Sep 29 15:34:41 2026

   Run on =     YUXIANGJIA
============================================================
RUN-1002 : start command "import_device ph1_35p.db -package PH1P35MDG324 -speed 3"
ARC-1001 : Device Initialization.
ARC-1001 : ----------------------------------------------------------------
ARC-1001 :           OPTION          |          IO           |   SETTING   
ARC-1001 : ----------------------------------------------------------------
ARC-1001 :   non_jtag_persist(none)  |        35 IOs         |    gpio    
ARC-1001 :            jtag           |  P13/P15/L14/R13/T13  |  dedicate  
ARC-1001 : ----------------------------------------------------------------
RUN-1003 : finish command "import_device ph1_35p.db -package PH1P35MDG324 -speed 3" in  1.347785s wall, 1.078125s user + 0.078125s system = 1.156250s CPU (85.8%)

RUN-1004 : used memory is 325 MB, reserved memory is 321 MB, peak memory is 325 MB
RUN-1002 : start command "open_project camera_to_dsi_display.prj -noanalyze"
RUN-1002 : start command "import_db ../syn_1/camera_to_dsi_display_gate.db"
RUN-1001 : Importing database generated by Tang Dynasty, V6.2.168116.
RUN-1001 : Database version number 46207
RUN-1001 : Import flow parameters
RUN-1001 : Import netlist
RUN-1001 : Import timing constraints
RUN-1001 : Import IO constraints
RUN-1001 : Import Inst constraints
RUN-1001 : Import ChipWatcher
RUN-1001 : Import design success TD_VERSION=6.2.168116 , DB_VERSION=46207
RUN-1003 : finish command "import_db ../syn_1/camera_to_dsi_display_gate.db" in  1.112923s wall, 0.453125s user + 0.015625s system = 0.468750s CPU (42.1%)

RUN-1004 : used memory is 576 MB, reserved memory is 570 MB, peak memory is 576 MB
RUN-1002 : start command "commit_param -step place"
RUN-1001 : Print Global Property
RUN-1001 : -------------------------------------------------------------
RUN-1001 :     Parameters    |   Settings   |  Default Values  |  Note  
RUN-1001 : -------------------------------------------------------------
RUN-1001 :    enable_seed    |     off      |       off        |        
RUN-1001 :    hfn_to_clock   |  1000000000  |    1000000000    |        
RUN-1001 :      message      |   standard   |     standard     |        
RUN-1001 :    qor_monitor    |      on      |        on        |        
RUN-1001 :   speedup_effort  |      0       |        0         |        
RUN-1001 :    syn_ip_flow    |     off      |       off        |        
RUN-1001 :       thread      |     auto     |       auto       |        
RUN-1001 : -------------------------------------------------------------
RUN-1001 : Print Place Property
RUN-1001 : ---------------------------------------------------------------
RUN-1001 :       Parameters      |  Settings  |  Default Values  |  Note  
RUN-1001 : ---------------------------------------------------------------
RUN-1001 :         effort        |   medium   |      medium      |        
RUN-1001 :     hfn_opt_effort    |   medium   |      medium      |        
RUN-1001 :    logic_level_opt    |    off     |       off        |        
RUN-1001 :   macro_performance   |    auto    |       auto       |        
RUN-1001 :       max_fanout      |   999999   |      999999      |        
RUN-1001 :       opt_timing      |   medium   |      medium      |        
RUN-1001 :     post_place_opt    |    auto    |       auto       |        
RUN-1001 :      pr_strategy      |     1      |        1         |        
RUN-1001 :   preplace_floorplan  |    off     |       off        |        
RUN-1001 : ---------------------------------------------------------------
RUN-1002 : start command "insert_debugger"
RUN-1002 : start command "place"
RUN-1001 : Open license file D:/Anlogic/license/Anlogic.lic
PHY-3001 : Placer runs in 32 thread(s).
PHY-1001 : Stage 1 | Initialize Design
PHY-1001 : Stage 1.1 | Build Design
PHY-1001 : 12439 luts, 14047 seqs, 680 mslices, 3248 lslices, 61 pads, 41 brams, 12 dsps
RUN-1002 : start command "legalize_phy_inst"
SYN-1011 : Flatten model design_top_wrapper
SYN-1001 : ADC: Instance "u_DDR_top/u_ph1p35_324_ddr_wrapper/u_ddr2/ph1p_ddrmc_wrapper/ph1p_ddrmc_top/u_ddr_phy/u_ddrphy_top/u_ddrphy/ac_byte[0]$ac_byte_used$u_ddrphy_ac_byte_wrapper/u_ddrphy_byte" LOCATION="X0Y70Z0"
SYN-1001 : ADC: Instance "u_DDR_top/u_ph1p35_324_ddr_wrapper/u_ddr2/ph1p_ddrmc_wrapper/ph1p_ddrmc_top/u_ddr_phy/u_ddrphy_top/u_ddrphy/ac_byte[1]$ac_byte_used$u_ddrphy_ac_byte_wrapper/u_ddrphy_byte" LOCATION="X0Y60Z0"
SYN-1001 : ADC: Instance "u_DDR_top/u_ph1p35_324_ddr_wrapper/u_ddr2/ph1p_ddrmc_wrapper/ph1p_ddrmc_top/u_ddr_phy/u_ddrphy_top/u_ddrphy/ac_byte[2]$ac_byte_used$u_ddrphy_ac_byte_wrapper/u_ddrphy_byte" LOCATION="X0Y50Z0"
SYN-1001 : ADC: Instance "u_DDR_top/u_ph1p35_324_ddr_wrapper/u_ddr2/ph1p_ddrmc_wrapper/ph1p_ddrmc_top/u_ddr_phy/u_ddrphy_top/u_ddrphy/ac_byte[3]$ac_byte_used$u_ddrphy_ac_byte_wrapper/u_ddrphy_byte" LOCATION="X0Y40Z0"
SYN-1001 : ADC: Instance "u_DDR_top/u_ph1p35_324_ddr_wrapper/u_ddr2/ph1p_ddrmc_wrapper/ph1p_ddrmc_top/u_ddr_phy/u_ddrphy_top/u_ddrphy/bkref[0]$u_ddrphy_bankref" LOCATION="X0Y19Z0"
SYN-1001 : ADC: Instance "u_DDR_top/u_ph1p35_324_ddr_wrapper/u_ddr2/ph1p_ddrmc_wrapper/ph1p_ddrmc_top/u_ddr_phy/u_ddrphy_top/u_ddrphy/bkref[1]$u_ddrphy_bankref" LOCATION="X0Y59Z0"
SYN-1001 : ADC: Instance "u_DDR_top/u_ph1p35_324_ddr_wrapper/u_ddr2/ph1p_ddrmc_wrapper/ph1p_ddrmc_top/u_ddr_phy/u_ddrphy_top/u_ddrphy/dx_byte[0]$dx_byte_used$u_ddrphy_dx_byte_wrapper/u_ddrphy_byte" LOCATION="X0Y30Z0"
SYN-1001 : ADC: Instance "u_DDR_top/u_ph1p35_324_ddr_wrapper/u_ddr2/ph1p_ddrmc_wrapper/ph1p_ddrmc_top/u_ddr_phy/u_ddrphy_top/u_ddrphy/dx_byte[1]$dx_byte_used$u_ddrphy_dx_byte_wrapper/u_ddrphy_byte" LOCATION="X0Y10Z0"
SYN-1001 : ADC: Instance "u_DDR_top/u_ph1p35_324_ddr_wrapper/u_ddr2/ph1p_ddrmc_wrapper/ph1p_ddrmc_top/u_ddr_phy/u_ddrphy_top/u_ddrphy_clk/ioclk[0]$u_ioclk_0" LOCATION="X0Y59Z0"
SYN-1001 : ADC: Instance "u_DDR_top/u_ph1p35_324_ddr_wrapper/u_ddr2/ph1p_ddrmc_wrapper/ph1p_ddrmc_top/u_ddr_phy/u_ddrphy_top/u_ddrphy_clk/ioclk[0]$u_ioclk_1" LOCATION="X0Y59Z1"
SYN-1001 : ADC: Instance "u_DDR_top/u_ph1p35_324_ddr_wrapper/u_ddr2/ph1p_ddrmc_wrapper/ph1p_ddrmc_top/u_ddr_phy/u_ddrphy_top/u_ddrphy_clk/ioclk[1]$u_ioclk_0" LOCATION="X0Y19Z0"
SYN-1001 : ADC: Instance "u_DDR_top/u_ph1p35_324_ddr_wrapper/u_ddr2/ph1p_ddrmc_wrapper/ph1p_ddrmc_top/u_ddr_phy/u_ddrphy_top/u_ddrphy_clk/ioclk[1]$u_ioclk_1" LOCATION="X0Y19Z1"
SYN-1001 : ADC: Instance "u_DDR_top/u_ph1p35_324_ddr_wrapper/u_ddr2/ph1p_ddrmc_wrapper/ph1p_ddrmc_top/u_ddr_phy/u_ddrphy_top/u_ddrphy_clk/u_mlclk_1" LOCATION="X0Y59Z0"
SYN-1001 : ADC: Instance "u_DDR_top/u_ph1p35_324_ddr_wrapper/u_ddr2/ph1p_ddrmc_wrapper/ph1p_ddrmc_top/u_ddr_phy/u_ddrphy_top/u_ddrphy_clk/u_mlclk_2" LOCATION="X0Y59Z1"
SYN-1001 : ADC: Instance "u_DDR_top/u_ph1p35_324_ddr_wrapper/u_ddr2/ph1p_ddrmc_wrapper/ph1p_ddrmc_top/u_ddr_phy/u_ddrphy_top/u_ddrphy_clk/u_pll0/u_pll_inst" LOCATION="X0Y40Z0"
SYN-1001 : ADC: Instance "u_DDR_top/u_ph1p35_324_ddr_wrapper/u_ddr2/ph1p_ddrmc_wrapper/ph1p_ddrmc_top/u_ddr_phy/u_ddrphy_top/u_ddrphy_clk/u_pll1/u_pll_inst" LOCATION="X0Y79Z0"
PHY-1001 : Remove keep and sweep redundant instances ...
PHY-1001 : 12088 luts, 13705 seqs, 680 mslices, 3217 lslices, 61 pads, 41 brams, 12 dsps
PHY-1001 : End Stage 1.1 | Build Design; Time: 0.277925s wall, 0.281250s user + 0.000000s system = 0.281250s CPU (101.2%); Memory(MB): used = 578, reserved = 570, peak = 578;

PHY-1001 : Stage 1.2 | Optimize Design
OPT-1001 : Stage 1.2.1 | Simplify Lut
OPT-1001 : End Stage 1.2.1 | Simplify Lut; Time: 0.046482s wall, 0.046875s user + 0.000000s system = 0.046875s CPU (100.8%); Memory(MB): used = 578, reserved = 570, peak = 578;

OPT-1001 : Stage 1.2.2 | Sweep
OPT-1001 : End Stage 1.2.2 | Sweep; Time: 0.016964s wall, 0.000000s user + 0.015625s system = 0.015625s CPU (92.1%); Memory(MB): used = 578, reserved = 570, peak = 578;

OPT-1001 : Stage 1.2.3 | Merge Lut
OPT-1001 : Start remap optimization ...
RUN-1001 :   Added 0 lut1 for undup drivers
OPT-1001 : skip lut merge since lut number 12086 is similar to or less than reg number 13705
OPT-1001 : End Stage 1.2.3 | Merge Lut; Time: 0.024427s wall, 0.031250s user + 0.000000s system = 0.031250s CPU (127.9%); Memory(MB): used = 578, reserved = 570, peak = 578;

OPT-1001 : Stage 1.2.4 | Synthesize High-fanout Net
OPT-1001 : Start high-fanout net optimization in pre-place flow with medium effort ...
RUN-1001 : HFN opt statistic
RUN-1001 : ------------------------------------------------------
RUN-1001 :   DriverCell type  |  HFN count  |  Duplicated count  
RUN-1001 : ------------------------------------------------------
RUN-1001 :       LSLICE       |      0      |         0          
RUN-1001 :       MSLICE       |      0      |         0          
RUN-1001 :        TOTAL       |      0      |         0          
RUN-1001 : ------------------------------------------------------
OPT-1001 : End high-fanout net optimization;  0.000140s wall, 0.000000s user + 0.000000s system = 0.000000s CPU (n/a%)

OPT-1001 : Current memory(MB): used = 578, reserved = 570, peak = 578.
OPT-1001 : End Stage 1.2.4 | Synthesize High-fanout Net; Time: 0.000221s wall, 0.000000s user + 0.000000s system = 0.000000s CPU (n/a%); Memory(MB): used = 578, reserved = 570, peak = 578;

OPT-1001 : End physical optimization;  0.088400s wall, 0.078125s user + 0.015625s system = 0.093750s CPU (106.1%)

PHY-1001 : End Stage 1.2 | Optimize Design; Time: 0.088464s wall, 0.078125s user + 0.015625s system = 0.093750s CPU (106.0%); Memory(MB): used = 578, reserved = 570, peak = 578;

PHY-1001 : Stage 1.3 | Initialize Clock
PHY-1001 : Start to synthesize physical clock networks.
RUN-1002 : start command "start_timer"
USR-1002 : Derived clock:  create_generated_clock -name {u_DDR_top/u_ph1p35_324_ddr_wrapper/u_ddr2/ph1p_ddrmc_wrapper/ph1p_ddrmc_top/u_ddr_phy/u_ddrphy_top/u_ddrphy_clk/u_pll0/u_pll_inst.clkc[0]} -source [get_ports {I_sys_clk}] -master_clock {sys_clk_50m} -multiply_by 1.3333 -duty_cycle 50.0000 [get_pins {u_DDR_top/u_ph1p35_324_ddr_wrapper/u_ddr2/ph1p_ddrmc_wrapper/ph1p_ddrmc_top/u_ddr_phy/u_ddrphy_top/u_ddrphy_clk/u_pll0/u_pll_inst.clkc[0]}]
USR-1002 : Derived clock:  create_generated_clock -name {u_DDR_top/u_ph1p35_324_ddr_wrapper/u_ddr2/ph1p_ddrmc_wrapper/ph1p_ddrmc_top/u_ddr_phy/u_ddrphy_top/u_ddrphy_clk/u_pll0/u_pll_inst.clkc[1]} -source [get_ports {I_sys_clk}] -master_clock {sys_clk_50m} -multiply_by 1.3333 -duty_cycle 50.0000 [get_pins {u_DDR_top/u_ph1p35_324_ddr_wrapper/u_ddr2/ph1p_ddrmc_wrapper/ph1p_ddrmc_top/u_ddr_phy/u_ddrphy_top/u_ddrphy_clk/u_pll0/u_pll_inst.clkc[1]}]
USR-1002 : Derived clock:  create_generated_clock -name {u_DDR_top/u_ph1p35_324_ddr_wrapper/u_ddr2/ph1p_ddrmc_wrapper/ph1p_ddrmc_top/u_ddr_phy/u_ddrphy_top/u_ddrphy_clk/u_pll0/u_pll_inst.clkc[2]} -source [get_ports {I_sys_clk}] -master_clock {sys_clk_50m} -multiply_by 5.3333 -duty_cycle 50.0000 [get_pins {u_DDR_top/u_ph1p35_324_ddr_wrapper/u_ddr2/ph1p_ddrmc_wrapper/ph1p_ddrmc_top/u_ddr_phy/u_ddrphy_top/u_ddrphy_clk/u_pll0/u_pll_inst.clkc[2]}]
USR-1002 : Derived clock:  create_generated_clock -name {u_DDR_top/u_ph1p35_324_ddr_wrapper/u_ddr2/ph1p_ddrmc_wrapper/ph1p_ddrmc_top/u_ddr_phy/u_ddrphy_top/u_ddrphy_clk/u_pll0/u_pll_inst.clkc[3]} -source [get_ports {I_sys_clk}] -master_clock {sys_clk_50m} -divide_by 1.9687 -duty_cycle 50.0000 [get_pins {u_DDR_top/u_ph1p35_324_ddr_wrapper/u_ddr2/ph1p_ddrmc_wrapper/ph1p_ddrmc_top/u_ddr_phy/u_ddrphy_top/u_ddrphy_clk/u_pll0/u_pll_inst.clkc[3]}]
USR-1002 : Derived clock:  create_generated_clock -name {u_PLL/ph1p_phy_pll_wrapper_25a56e5ce2f9_Inst/u_PH1P_PHY_PLL.clkc[0]} -source [get_ports {I_sys_clk}] -master_clock {sys_clk_50m} -multiply_by 2.0000 -duty_cycle 50.0000 [get_pins {u_PLL/ph1p_phy_pll_wrapper_25a56e5ce2f9_Inst/u_PH1P_PHY_PLL.clkc[0]}]
USR-1002 : Derived clock:  create_generated_clock -name {u_PLL/ph1p_phy_pll_wrapper_25a56e5ce2f9_Inst/u_PH1P_PHY_PLL.clkc[1]} -source [get_ports {I_sys_clk}] -master_clock {sys_clk_50m} -divide_by 2.1000 -duty_cycle 50.0000 [get_pins {u_PLL/ph1p_phy_pll_wrapper_25a56e5ce2f9_Inst/u_PH1P_PHY_PLL.clkc[1]}]
USR-1002 : Derived clock:  create_generated_clock -name {u_PLL/ph1p_phy_pll_wrapper_25a56e5ce2f9_Inst/u_PH1P_PHY_PLL.clkc[4]} -source [get_ports {I_sys_clk}] -master_clock {sys_clk_50m} -multiply_by 1.5000 -duty_cycle 50.0000 [get_pins {u_PLL/ph1p_phy_pll_wrapper_25a56e5ce2f9_Inst/u_PH1P_PHY_PLL.clkc[4]}]
USR-1002 : Derived clock:  create_generated_clock -name {u_PLL/ph1p_phy_pll_wrapper_25a56e5ce2f9_Inst/u_PH1P_PHY_PLL.clkc[5]} -source [get_ports {I_sys_clk}] -master_clock {sys_clk_50m} -multiply_by 7.5000 -duty_cycle 50.0000 [get_pins {u_PLL/ph1p_phy_pll_wrapper_25a56e5ce2f9_Inst/u_PH1P_PHY_PLL.clkc[5]}]
USR-1002 : Derived clock:  create_generated_clock -name {u_DDR_top/u_ph1p35_324_ddr_wrapper/u_ddr2/ph1p_ddrmc_wrapper/ph1p_ddrmc_top/u_ddr_phy/u_ddrphy_top/u_ddrphy_clk/u_pll1/u_pll_inst.clkc[0]} -source [get_pins {u_DDR_top/u_ph1p35_324_ddr_wrapper/u_ddr2/ph1p_ddrmc_wrapper/ph1p_ddrmc_top/u_ddr_phy/u_ddrphy_top/u_ddrphy_clk/u_pll0/u_pll_inst.clkc[0]}] -master_clock {u_DDR_top/u_ph1p35_324_ddr_wrapper/u_ddr2/ph1p_ddrmc_wrapper/ph1p_ddrmc_top/u_ddr_phy/u_ddrphy_top/u_ddrphy_clk/u_pll0/u_pll_inst.clkc[0]} -multiply_by 1.0000 -duty_cycle 50.0000 [get_pins {u_DDR_top/u_ph1p35_324_ddr_wrapper/u_ddr2/ph1p_ddrmc_wrapper/ph1p_ddrmc_top/u_ddr_phy/u_ddrphy_top/u_ddrphy_clk/u_pll1/u_pll_inst.clkc[0]}]
16.668000
15.000000
15.000000
13.333000
RUN-1003 : finish command "start_timer" in  1.236189s wall, 1.187500s user + 0.046875s system = 1.234375s CPU (99.9%)

RUN-1004 : used memory is 772 MB, reserved memory is 771 MB, peak memory is 772 MB
TMR-2502 : Net delay update with mode: Synthesized
PHY-5060 CRITICAL-WARNING: Clock net candidate u_SC500CS_top/u_uicfgcs500/u_i2c/scl_clk has mixed fanouts of 1 clock pins; 2 data/ctrl pins. Please check connection of the net in design.
PHY-5060 CRITICAL-WARNING: Clock net candidate O_cam_24m_syn_3 has mixed fanouts of 150 clock pins; 1 data/ctrl pins. Please check connection of the net in design.
PHY-1001 : Populate physical database on model design_top_wrapper.
RUN-1001 : There are total 29968 instances
RUN-0007 : 12086 luts, 13705 seqs, 680 mslices, 3217 lslices, 61 pads, 41 brams, 12 dsps
RUN-1001 : There are total 40840 nets
RUN-1001 : 27865 nets have 2 pins
RUN-1001 : 10046 nets have [3 - 5] pins
RUN-1001 : 2132 nets have [6 - 10] pins
RUN-1001 : 449 nets have [11 - 20] pins
RUN-1001 : 279 nets have [21 - 99] pins
RUN-1001 : 69 nets have 100+ pins
PHY-1001 : Start to check user instance location assignments; please refer to ADC constraint.
PHY-1001 : End Stage 1.3 | Initialize Clock; Time: 2.119875s wall, 2.078125s user + 0.046875s system = 2.125000s CPU (100.2%); Memory(MB): used = 864, reserved = 861, peak = 864;

PHY-1001 : End Stage 1 | Initialize Design; Time: 2.518385s wall, 2.453125s user + 0.078125s system = 2.531250s CPU (100.5%); Memory(MB): used = 864, reserved = 861, peak = 864;

PHY-1001 : Stage 2 | Global Placement
RUN-1001 : Report Control nets information:
RUN-1001 : DFF Distribution
RUN-1001 : -------------------------------------
RUN-1001 :   CE   |  SSR  |  ASR  |  DFF Count  
RUN-1001 : -------------------------------------
RUN-1001 :   No   |  No   |  No   |    6807     
RUN-1001 :   No   |  No   |  Yes  |    3848     
RUN-1001 :   No   |  Yes  |  No   |     361     
RUN-1001 :   Yes  |  No   |  No   |     424     
RUN-1001 :   Yes  |  No   |  Yes  |    2366     
RUN-1001 :   Yes  |  Yes  |  No   |     155     
RUN-1001 : -------------------------------------
RUN-1001 : Control Group Statistic
RUN-1001 : -----------------------------
RUN-1001 :   #CLK  |  #CE  |  #SSR/ASR  
RUN-1001 : -----------------------------
RUN-1001 :    9    |  118  |     27     
RUN-1001 : -----------------------------
RUN-0007 : Control Set = 156
PHY-1001 : Stage 2.1 | Place Fixed Instances
PHY-1001 : Processing 2 clock pins of DDR instance u_DDR_top/u_ph1p35_324_ddr_wrapper/u_ddr2/ph1p_ddrmc_wrapper/ph1p_ddrmc_top/u_ddr_phy/u_ddrphy_top/u_ddrphy/ac_byte[0]$ac_byte_used$u_ddrphy_ac_byte_wrapper/u_ddrphy_byte, location = x0y70z0.
PHY-1001 :   User location X0Y59Z1 of ioclk instance u_DDR_top/u_ph1p35_324_ddr_wrapper/u_ddr2/ph1p_ddrmc_wrapper/ph1p_ddrmc_top/u_ddr_phy/u_ddrphy_top/u_ddrphy_clk/ioclk[0]$u_ioclk_1.
PHY-1001 :   Placement of ioclk instance u_DDR_top/u_ph1p35_324_ddr_wrapper/u_ddr2/ph1p_ddrmc_wrapper/ph1p_ddrmc_top/u_ddr_phy/u_ddrphy_top/u_ddrphy_clk/ioclk[0]$u_ioclk_1; location = x0y59z1.
PHY-1001 :   User location X0Y59Z0 of ioclk instance u_DDR_top/u_ph1p35_324_ddr_wrapper/u_ddr2/ph1p_ddrmc_wrapper/ph1p_ddrmc_top/u_ddr_phy/u_ddrphy_top/u_ddrphy_clk/ioclk[0]$u_ioclk_0.
PHY-1001 :   Placement of ioclk instance u_DDR_top/u_ph1p35_324_ddr_wrapper/u_ddr2/ph1p_ddrmc_wrapper/ph1p_ddrmc_top/u_ddr_phy/u_ddrphy_top/u_ddrphy_clk/ioclk[0]$u_ioclk_0; location = x0y59z0.
PHY-1001 : Processing 2 clock pins of DDR instance u_DDR_top/u_ph1p35_324_ddr_wrapper/u_ddr2/ph1p_ddrmc_wrapper/ph1p_ddrmc_top/u_ddr_phy/u_ddrphy_top/u_ddrphy/ac_byte[1]$ac_byte_used$u_ddrphy_ac_byte_wrapper/u_ddrphy_byte, location = x0y60z0.
PHY-1001 :   Placed ioclk instance u_DDR_top/u_ph1p35_324_ddr_wrapper/u_ddr2/ph1p_ddrmc_wrapper/ph1p_ddrmc_top/u_ddr_phy/u_ddrphy_top/u_ddrphy_clk/ioclk[0]$u_ioclk_1, location = x0y59z1.
PHY-1001 :   Placed ioclk instance u_DDR_top/u_ph1p35_324_ddr_wrapper/u_ddr2/ph1p_ddrmc_wrapper/ph1p_ddrmc_top/u_ddr_phy/u_ddrphy_top/u_ddrphy_clk/ioclk[0]$u_ioclk_0, location = x0y59z0.
PHY-1001 : Processing 2 clock pins of DDR instance u_DDR_top/u_ph1p35_324_ddr_wrapper/u_ddr2/ph1p_ddrmc_wrapper/ph1p_ddrmc_top/u_ddr_phy/u_ddrphy_top/u_ddrphy/ac_byte[2]$ac_byte_used$u_ddrphy_ac_byte_wrapper/u_ddrphy_byte, location = x0y50z0.
PHY-1001 :   Placed ioclk instance u_DDR_top/u_ph1p35_324_ddr_wrapper/u_ddr2/ph1p_ddrmc_wrapper/ph1p_ddrmc_top/u_ddr_phy/u_ddrphy_top/u_ddrphy_clk/ioclk[0]$u_ioclk_1, location = x0y59z1.
PHY-1001 :   Placed ioclk instance u_DDR_top/u_ph1p35_324_ddr_wrapper/u_ddr2/ph1p_ddrmc_wrapper/ph1p_ddrmc_top/u_ddr_phy/u_ddrphy_top/u_ddrphy_clk/ioclk[0]$u_ioclk_0, location = x0y59z0.
PHY-1001 : Processing 2 clock pins of DDR instance u_DDR_top/u_ph1p35_324_ddr_wrapper/u_ddr2/ph1p_ddrmc_wrapper/ph1p_ddrmc_top/u_ddr_phy/u_ddrphy_top/u_ddrphy/ac_byte[3]$ac_byte_used$u_ddrphy_ac_byte_wrapper/u_ddrphy_byte, location = x0y40z0.
PHY-1001 :   Placed ioclk instance u_DDR_top/u_ph1p35_324_ddr_wrapper/u_ddr2/ph1p_ddrmc_wrapper/ph1p_ddrmc_top/u_ddr_phy/u_ddrphy_top/u_ddrphy_clk/ioclk[0]$u_ioclk_1, location = x0y59z1.
PHY-1001 :   Placed ioclk instance u_DDR_top/u_ph1p35_324_ddr_wrapper/u_ddr2/ph1p_ddrmc_wrapper/ph1p_ddrmc_top/u_ddr_phy/u_ddrphy_top/u_ddrphy_clk/ioclk[0]$u_ioclk_0, location = x0y59z0.
PHY-1001 : Processing 2 clock pins of DDR instance u_DDR_top/u_ph1p35_324_ddr_wrapper/u_ddr2/ph1p_ddrmc_wrapper/ph1p_ddrmc_top/u_ddr_phy/u_ddrphy_top/u_ddrphy/dx_byte[0]$dx_byte_used$u_ddrphy_dx_byte_wrapper/u_ddrphy_byte, location = x0y30z0.
PHY-1001 :   User location X0Y19Z1 of ioclk instance u_DDR_top/u_ph1p35_324_ddr_wrapper/u_ddr2/ph1p_ddrmc_wrapper/ph1p_ddrmc_top/u_ddr_phy/u_ddrphy_top/u_ddrphy_clk/ioclk[1]$u_ioclk_1.
PHY-1001 :   Placement of ioclk instance u_DDR_top/u_ph1p35_324_ddr_wrapper/u_ddr2/ph1p_ddrmc_wrapper/ph1p_ddrmc_top/u_ddr_phy/u_ddrphy_top/u_ddrphy_clk/ioclk[1]$u_ioclk_1; location = x0y19z1.
PHY-1001 :   User location X0Y19Z0 of ioclk instance u_DDR_top/u_ph1p35_324_ddr_wrapper/u_ddr2/ph1p_ddrmc_wrapper/ph1p_ddrmc_top/u_ddr_phy/u_ddrphy_top/u_ddrphy_clk/ioclk[1]$u_ioclk_0.
PHY-1001 :   Placement of ioclk instance u_DDR_top/u_ph1p35_324_ddr_wrapper/u_ddr2/ph1p_ddrmc_wrapper/ph1p_ddrmc_top/u_ddr_phy/u_ddrphy_top/u_ddrphy_clk/ioclk[1]$u_ioclk_0; location = x0y19z0.
PHY-1001 : Processing 2 clock pins of DDR instance u_DDR_top/u_ph1p35_324_ddr_wrapper/u_ddr2/ph1p_ddrmc_wrapper/ph1p_ddrmc_top/u_ddr_phy/u_ddrphy_top/u_ddrphy/dx_byte[1]$dx_byte_used$u_ddrphy_dx_byte_wrapper/u_ddrphy_byte, location = x0y10z0.
PHY-1001 :   Placed ioclk instance u_DDR_top/u_ph1p35_324_ddr_wrapper/u_ddr2/ph1p_ddrmc_wrapper/ph1p_ddrmc_top/u_ddr_phy/u_ddrphy_top/u_ddrphy_clk/ioclk[1]$u_ioclk_1, location = x0y19z1.
PHY-1001 :   Placed ioclk instance u_DDR_top/u_ph1p35_324_ddr_wrapper/u_ddr2/ph1p_ddrmc_wrapper/ph1p_ddrmc_top/u_ddr_phy/u_ddrphy_top/u_ddrphy_clk/ioclk[1]$u_ioclk_0, location = x0y19z0.
PHY-1001 : DDR MLCLK topology u_DDR_top/u_ph1p35_324_ddr_wrapper/u_ddr2/ph1p_ddrmc_wrapper/ph1p_ddrmc_top/u_ddr_phy/u_ddrphy_top/u_ddrphy_clk/u_mlclk_1.
PHY-1001 :   Driver: PH1P_PHY_PLL_V2 u_DDR_top/u_ph1p35_324_ddr_wrapper/u_ddr2/ph1p_ddrmc_wrapper/ph1p_ddrmc_top/u_ddr_phy/u_ddrphy_top/u_ddrphy_clk/u_pll0/u_pll_inst.clkc[1], user location :X0Y40Z0.
PHY-1001 :   Sink: PH1P_PHY_IOCLK u_DDR_top/u_ph1p35_324_ddr_wrapper/u_ddr2/ph1p_ddrmc_wrapper/ph1p_ddrmc_top/u_ddr_phy/u_ddrphy_top/u_ddrphy_clk/ioclk[0]$u_ioclk_0, location = x0y59z0, sectorID = 1.
PHY-1001 :   Sink: PH1P_PHY_IOCLK u_DDR_top/u_ph1p35_324_ddr_wrapper/u_ddr2/ph1p_ddrmc_wrapper/ph1p_ddrmc_top/u_ddr_phy/u_ddrphy_top/u_ddrphy_clk/ioclk[1]$u_ioclk_0, location = x0y19z0, sectorID = 0.
PHY-1001 : Placement of MLCLK instance u_DDR_top/u_ph1p35_324_ddr_wrapper/u_ddr2/ph1p_ddrmc_wrapper/ph1p_ddrmc_top/u_ddr_phy/u_ddrphy_top/u_ddrphy_clk/u_mlclk_1; location = x0y59z0,  sectorID = 1.
PHY-1001 : DDR MLCLK topology u_DDR_top/u_ph1p35_324_ddr_wrapper/u_ddr2/ph1p_ddrmc_wrapper/ph1p_ddrmc_top/u_ddr_phy/u_ddrphy_top/u_ddrphy_clk/u_mlclk_2.
PHY-1001 :   Driver: PH1P_PHY_PLL_V2 u_DDR_top/u_ph1p35_324_ddr_wrapper/u_ddr2/ph1p_ddrmc_wrapper/ph1p_ddrmc_top/u_ddr_phy/u_ddrphy_top/u_ddrphy_clk/u_pll0/u_pll_inst.clkc[2], user location :X0Y40Z0.
PHY-1001 :   Sink: PH1P_PHY_IOCLK u_DDR_top/u_ph1p35_324_ddr_wrapper/u_ddr2/ph1p_ddrmc_wrapper/ph1p_ddrmc_top/u_ddr_phy/u_ddrphy_top/u_ddrphy_clk/ioclk[0]$u_ioclk_1, location = x0y59z1, sectorID = 1.
PHY-1001 :   Sink: PH1P_PHY_IOCLK u_DDR_top/u_ph1p35_324_ddr_wrapper/u_ddr2/ph1p_ddrmc_wrapper/ph1p_ddrmc_top/u_ddr_phy/u_ddrphy_top/u_ddrphy_clk/ioclk[1]$u_ioclk_1, location = x0y19z1, sectorID = 0.
PHY-1001 : Placement of MLCLK instance u_DDR_top/u_ph1p35_324_ddr_wrapper/u_ddr2/ph1p_ddrmc_wrapper/ph1p_ddrmc_top/u_ddr_phy/u_ddrphy_top/u_ddrphy_clk/u_mlclk_2; location = x0y59z1,  sectorID = 1.
PHY-5016 WARNING: PLL clkc is driving an IO without location.
PHY-5016 WARNING: PLL clkc is not driving a clock-capable IO.
PHY-5016 WARNING: PLL clkc is driving an IO without location.
PHY-5016 WARNING: PLL clkc is not driving a clock-capable IO.
PHY-1001 : End Stage 2.1 | Place Fixed Instances; Time: 0.045152s wall, 0.046875s user + 0.000000s system = 0.046875s CPU (103.8%); Memory(MB): used = 893, reserved = 890, peak = 893;

PHY-1001 : Stage 2.2 | Pre-Place DRC Check
PHY-1001 : Stage 2.2.1 | Force Route Constraint Check
PHY-1001 : Check Pass.
PHY-1001 : End Stage 2.2.1 | Force Route Constraint Check; Time: 0.002653s wall, 0.000000s user + 0.000000s system = 0.000000s CPU (n/a%); Memory(MB): used = 893, reserved = 890, peak = 893;

PHY-1001 : End Stage 2.2 | Pre-Place DRC Check; Time: 0.002718s wall, 0.000000s user + 0.000000s system = 0.000000s CPU (n/a%); Memory(MB): used = 893, reserved = 890, peak = 893;

PHY-1001 : Clock GCLK Statistics:
RUN-1001 : GCLK Index: 
RUN-1001 : -----------------------------------------------------------------------------------------------------------------------------------------------------------------
RUN-1001 :   Index  |                                                               Clock GCLK                                                                |  Location   
RUN-1001 : -----------------------------------------------------------------------------------------------------------------------------------------------------------------
RUN-1001 :     1    |                         u_SC500CS_top/u_mipi_dphy_rx_ph1p_mipiio_wrapper/u_ph1p_mipiio_rx_wrapper/bufg_feedback                         |  x23y39z0   
RUN-1001 :     2    |   u_DDR_top/u_ph1p35_324_ddr_wrapper/u_ddr2/ph1p_ddrmc_wrapper/ph1p_ddrmc_top/u_ddr_phy/u_ddrphy_top/u_ddrphy_clk/u_pll1/u_bufg_fbclk   |  x23y39z16  
RUN-1001 :     3    |                                            u_display_top/u_hdmi_mixer/I_clk_created_gclkinst                                            |  x23y39z17  
RUN-1001 :     4    |                                                    O_cam_24m_dup_1_created_gclkinst                                                     |  x23y39z18  
RUN-1001 :     5    |                                                    I_sys_clk_dup_6_created_gclkinst                                                     |  x23y39z22  
RUN-1001 :     6    |                        u_display_top/u_hdmi_tx/u_hdmi2phy_wrapper/u0_lane_lvds_8_1/I_serial_clk_created_gclkinst                        |  x23y39z19  
RUN-1001 :     7    |  u_DDR_top/u_ph1p35_324_ddr_wrapper/u_ddr2/ph1p_ddrmc_wrapper/ph1p_ddrmc_top/u_ddr_phy/u_ddrphy_top/u_ddrphy/apb_pclk_created_gclkinst  |  x23y39z20  
RUN-1001 :     8    |                                        u_SC500CS_top/u_uicfgcs500/u_i2c/scl_clk_created_gclkinst                                        |  x23y39z1   
RUN-1001 :     9    |                                                           u_PLL/bufg_feedback                                                           |  x23y39z21  
RUN-1001 : -----------------------------------------------------------------------------------------------------------------------------------------------------------------
RUN-1001 : Clock Nets Connect To GCLK Statistics: 
RUN-1001 : -----------------------------------------------------------------------------------------------------------------------------------------------------------------------------------------
RUN-1001 :   Index  |                        Leading Net                        |  CLK/DATA/IO/PLL Sink(s)  |                       Following Net                       |  CLK/DATA/IO/PLL Sink(s)  
RUN-1001 : -----------------------------------------------------------------------------------------------------------------------------------------------------------------------------------------
RUN-1001 :     1    | u_SC500CS_top/u_mipi_dphy_rx_ph1p_mipiio_wrapper/u_ph...  |          1/0/0/0          | u_ISP_preprocess_top/u_isp_top/u_demosaic/raw_matrix_...  |        8148/0/0/0         
RUN-1001 :     2    | u_DDR_top/u_ph1p35_324_ddr_wrapper/u_ddr2/ph1p_ddrmc_...  |          1/0/0/0          | u_DDR_top/u_ph1p35_324_ddr_wrapper/u_ddr2/ph1p_ddrmc_...  |        3529/0/0/0         
RUN-1001 :     3    |             u_display_top/u_hdmi_mixer/I_clk              |          1/0/0/0          |         u_display_top/u_hdmi_mixer/I_clk_syn_655          |        1923/0/0/0         
RUN-1001 :     4    |                      O_cam_24m_dup_1                      |          1/0/0/0          |                      O_cam_24m_syn_3                      |         150/1/0/0         
RUN-1001 :     5    |                      I_sys_clk_dup_6                      |          3/0/0/0          |                      I_sys_clk_syn_8                      |         137/0/0/0         
RUN-1001 :     6    | u_display_top/u_hdmi_tx/u_hdmi2phy_wrapper/u0_lane_lv...  |          1/0/0/0          | u_display_top/u_hdmi_tx/u_hdmi2phy_wrapper/u0_lane_lv...  |         61/0/0/0          
RUN-1001 :     7    | u_DDR_top/u_ph1p35_324_ddr_wrapper/u_ddr2/ph1p_ddrmc_...  |          1/0/0/0          | u_DDR_top/u_ph1p35_324_ddr_wrapper/u_ddr2/ph1p_ddrmc_...  |         43/0/0/0          
RUN-1001 :     8    |         u_SC500CS_top/u_uicfgcs500/u_i2c/scl_clk          |          1/2/0/0          |      u_SC500CS_top/u_uicfgcs500/u_i2c/scl_clk_syn_9       |         24/0/0/0          
RUN-1001 :     9    |                      u_PLL/clk0_buf                       |          1/0/0/0          | u_SC500CS_top/u_mipi_dphy_rx_ph1p_mipiio_wrapper/u_ph...  |         13/0/0/0          
RUN-1001 : -----------------------------------------------------------------------------------------------------------------------------------------------------------------------------------------
PHY-1001 : Stage 2.3 | Global Placement Step 1
PHY-3001 : Target density is 60%
PHY-1001 : Stage 2.3.1 | Update Timing
RUN-1002 : start command "start_timer"
RUN-1003 : finish command "start_timer" in  1.063922s wall, 1.078125s user + 0.000000s system = 1.078125s CPU (101.3%)

RUN-1004 : used memory is 935 MB, reserved memory is 935 MB, peak memory is 935 MB
PHY-1001 : SWNS: -1378, STNS: -26141, FEP: 26
PHY-1001 : End Stage 2.3.1 | Update Timing; Time: 1.965247s wall, 1.968750s user + 0.000000s system = 1.968750s CPU (100.2%); Memory(MB): used = 946, reserved = 943, peak = 946;

PHY-0007 : Cell area utilization is 54%
RUN-1001 : Huge Net Statistic
RUN-1001 : --------------------------------------------------------------------------------------------------------------------------------------------------------------------------------------------------
RUN-1001 :   Fanout  |  Slack  |                                                                                     Net                                                                                     
RUN-1001 : --------------------------------------------------------------------------------------------------------------------------------------------------------------------------------------------------
RUN-1001 :    2847   |   Inf   |                                u_DDR_top/u_ph1p35_324_ddr_wrapper/u_ddr2/ph1p_ddrmc_wrapper/ph1p_ddrmc_top/u_ddr_phy/u_ddrphy_top/sys_rst_n                                 
RUN-1001 :    1472   |  11940  |                                u_DDR_top/u_ph1p35_324_ddr_wrapper/u_ddr2/ph1p_ddrmc_wrapper/ph1p_ddrmc_top/u_alc_mc_top/u_rbuf_addr_fifo/rst                                
RUN-1001 :    1089   |   Inf   |  u_DDR_top/u_ph1p35_324_ddr_wrapper/u_ddr2/ph1p_ddrmc_wrapper/ph1p_ddrmc_top/u_ddr_phy/u_ddrphy_top/u_ddrphy/dx_byte[1]$dx_byte_used$u_ddrphy_dx_byte_wrapper/dx_phy_rst_n  
RUN-1001 : --------------------------------------------------------------------------------------------------------------------------------------------------------------------------------------------------
PHY-3001 : Clustering ...
PHY-3001 : End clustering;  0.106433s wall, 0.218750s user + 0.234375s system = 0.453125s CPU (425.7%)

PHY-3001 : Target density is 60%
PHY-1001 : Stage 2.3.2 | GP Iteration
PHY-1001 : End Stage 2.3.2 | GP Iteration; Time: 2.157013s wall, 11.093750s user + 2.500000s system = 13.593750s CPU (630.2%); Memory(MB): used = 958, reserved = 955, peak = 958;

PHY-3001 : Multithread accelerating rate: 6.15
RUN-1002 : start command "start_timer"
USR-1002 : Derived clock:  create_generated_clock -name {u_DDR_top/u_ph1p35_324_ddr_wrapper/u_ddr2/ph1p_ddrmc_wrapper/ph1p_ddrmc_top/u_ddr_phy/u_ddrphy_top/u_ddrphy_clk/u_pll0/u_pll_inst.clkc[0]} -source [get_ports {I_sys_clk}] -master_clock {sys_clk_50m} -multiply_by 1.3333 -duty_cycle 50.0000 [get_pins {u_DDR_top/u_ph1p35_324_ddr_wrapper/u_ddr2/ph1p_ddrmc_wrapper/ph1p_ddrmc_top/u_ddr_phy/u_ddrphy_top/u_ddrphy_clk/u_pll0/u_pll_inst.clkc[0]}]
USR-1002 : Derived clock:  create_generated_clock -name {u_DDR_top/u_ph1p35_324_ddr_wrapper/u_ddr2/ph1p_ddrmc_wrapper/ph1p_ddrmc_top/u_ddr_phy/u_ddrphy_top/u_ddrphy_clk/u_pll0/u_pll_inst.clkc[1]} -source [get_ports {I_sys_clk}] -master_clock {sys_clk_50m} -multiply_by 1.3333 -duty_cycle 50.0000 [get_pins {u_DDR_top/u_ph1p35_324_ddr_wrapper/u_ddr2/ph1p_ddrmc_wrapper/ph1p_ddrmc_top/u_ddr_phy/u_ddrphy_top/u_ddrphy_clk/u_pll0/u_pll_inst.clkc[1]}]
USR-1002 : Derived clock:  create_generated_clock -name {u_DDR_top/u_ph1p35_324_ddr_wrapper/u_ddr2/ph1p_ddrmc_wrapper/ph1p_ddrmc_top/u_ddr_phy/u_ddrphy_top/u_ddrphy_clk/u_pll0/u_pll_inst.clkc[2]} -source [get_ports {I_sys_clk}] -master_clock {sys_clk_50m} -multiply_by 5.3333 -duty_cycle 50.0000 [get_pins {u_DDR_top/u_ph1p35_324_ddr_wrapper/u_ddr2/ph1p_ddrmc_wrapper/ph1p_ddrmc_top/u_ddr_phy/u_ddrphy_top/u_ddrphy_clk/u_pll0/u_pll_inst.clkc[2]}]
USR-1002 : Derived clock:  create_generated_clock -name {u_DDR_top/u_ph1p35_324_ddr_wrapper/u_ddr2/ph1p_ddrmc_wrapper/ph1p_ddrmc_top/u_ddr_phy/u_ddrphy_top/u_ddrphy_clk/u_pll0/u_pll_inst.clkc[3]} -source [get_ports {I_sys_clk}] -master_clock {sys_clk_50m} -divide_by 1.9687 -duty_cycle 50.0000 [get_pins {u_DDR_top/u_ph1p35_324_ddr_wrapper/u_ddr2/ph1p_ddrmc_wrapper/ph1p_ddrmc_top/u_ddr_phy/u_ddrphy_top/u_ddrphy_clk/u_pll0/u_pll_inst.clkc[3]}]
USR-1002 : Derived clock:  create_generated_clock -name {u_PLL/ph1p_phy_pll_wrapper_25a56e5ce2f9_Inst/u_PH1P_PHY_PLL.clkc[0]} -source [get_ports {I_sys_clk}] -master_clock {sys_clk_50m} -multiply_by 2.0000 -duty_cycle 50.0000 [get_pins {u_PLL/ph1p_phy_pll_wrapper_25a56e5ce2f9_Inst/u_PH1P_PHY_PLL.clkc[0]}]
USR-1002 : Derived clock:  create_generated_clock -name {u_PLL/ph1p_phy_pll_wrapper_25a56e5ce2f9_Inst/u_PH1P_PHY_PLL.clkc[1]} -source [get_ports {I_sys_clk}] -master_clock {sys_clk_50m} -divide_by 2.1000 -duty_cycle 50.0000 [get_pins {u_PLL/ph1p_phy_pll_wrapper_25a56e5ce2f9_Inst/u_PH1P_PHY_PLL.clkc[1]}]
USR-1002 : Derived clock:  create_generated_clock -name {u_PLL/ph1p_phy_pll_wrapper_25a56e5ce2f9_Inst/u_PH1P_PHY_PLL.clkc[4]} -source [get_ports {I_sys_clk}] -master_clock {sys_clk_50m} -multiply_by 1.5000 -duty_cycle 50.0000 [get_pins {u_PLL/ph1p_phy_pll_wrapper_25a56e5ce2f9_Inst/u_PH1P_PHY_PLL.clkc[4]}]
USR-1002 : Derived clock:  create_generated_clock -name {u_PLL/ph1p_phy_pll_wrapper_25a56e5ce2f9_Inst/u_PH1P_PHY_PLL.clkc[5]} -source [get_ports {I_sys_clk}] -master_clock {sys_clk_50m} -multiply_by 7.5000 -duty_cycle 50.0000 [get_pins {u_PLL/ph1p_phy_pll_wrapper_25a56e5ce2f9_Inst/u_PH1P_PHY_PLL.clkc[5]}]
USR-1002 : Derived clock:  create_generated_clock -name {u_DDR_top/u_ph1p35_324_ddr_wrapper/u_ddr2/ph1p_ddrmc_wrapper/ph1p_ddrmc_top/u_ddr_phy/u_ddrphy_top/u_ddrphy_clk/u_pll1/u_pll_inst.clkc[0]} -source [get_pins {u_DDR_top/u_ph1p35_324_ddr_wrapper/u_ddr2/ph1p_ddrmc_wrapper/ph1p_ddrmc_top/u_ddr_phy/u_ddrphy_top/u_ddrphy_clk/u_pll0/u_pll_inst.clkc[0]}] -master_clock {u_DDR_top/u_ph1p35_324_ddr_wrapper/u_ddr2/ph1p_ddrmc_wrapper/ph1p_ddrmc_top/u_ddr_phy/u_ddrphy_top/u_ddrphy_clk/u_pll0/u_pll_inst.clkc[0]} -multiply_by 1.0000 -duty_cycle 50.0000 [get_pins {u_DDR_top/u_ph1p35_324_ddr_wrapper/u_ddr2/ph1p_ddrmc_wrapper/ph1p_ddrmc_top/u_ddr_phy/u_ddrphy_top/u_ddrphy_clk/u_pll1/u_pll_inst.clkc[0]}]
16.668000
15.000000
15.000000
13.333000
RUN-1003 : finish command "start_timer" in  1.256238s wall, 1.265625s user + 0.000000s system = 1.265625s CPU (100.7%)

RUN-1004 : used memory is 958 MB, reserved memory is 955 MB, peak memory is 958 MB
TMR-2502 : Net delay update with mode: Placed
PHY-3001 : No need to merge 9x9 Dsps.
PHY-1001 : Populate physical database on model design_top_wrapper.
PHY-1001 : End Stage 2.3 | Global Placement Step 1; Time: 6.799570s wall, 15.828125s user + 2.750000s system = 18.578125s CPU (273.2%); Memory(MB): used = 1019, reserved = 1015, peak = 1019;

PHY-1001 : Stage 2.4 | RAM/DSP Legalization and Detailed Placement
PHY-1001 : Stage 2.4.1 | Legalization
PHY-3001 : Before Legalized: Len = 1.96106e+06
PHY-3001 : After Legalized: Len = 1.99012e+06, Over = 137.375
PHY-1001 : End Stage 2.4.1 | Legalization; Time: 1.139571s wall, 1.109375s user + 0.000000s system = 1.109375s CPU (97.4%); Memory(MB): used = 1020, reserved = 1016, peak = 1020;

PHY-1001 : Stage 2.4.2 | Detailed Placement
PHY-1001 : Stage 2.4.2.1 | Simulated Annealing Based DP
PHY-0007 : Initial: WL Cost = 166567, TD Cost = 6.39786e+06, SWNS = -1282, STNS = -22973, Nums per T = 530, Range Limit = 2x32
PHY-0007 : Finally: WL Cost = 163094, TD Cost = 6.3966e+06, WL Ratio = 0.979151, TD Ratio = 0.999803, SWNS = -1282, STNS = -22973
RUN-1001 : Print Detailed placement's Summary information
RUN-1001 : -------------------------------------------------------------------------------------------------------------------------------
RUN-1001 :             |  Total  |  Accept  |  Reject by overFlow  |  Reject by worseCost  |  Failed by noTarget  |  Failed by gridCheck  
RUN-1001 : -------------------------------------------------------------------------------------------------------------------------------
RUN-1001 :   RAM/DSPs  |  2650   |    62    |          0           |         2588          |          0           |           0           
RUN-1001 :    Macros   |   591   |    18    |          0           |          573          |          0           |           0           
RUN-1001 : -------------------------------------------------------------------------------------------------------------------------------
PHY-1001 : End Stage 2.4.2.1 | Simulated Annealing Based DP; Time: 1.282441s wall, 2.500000s user + 0.078125s system = 2.578125s CPU (201.0%); Memory(MB): used = 1023, reserved = 1019, peak = 1023;

PHY-3001 : End Detailed Place; 
PHY-1001 : End Stage 2.4.2 | Detailed Placement; Time: 1.419632s wall, 2.640625s user + 0.078125s system = 2.718750s CPU (191.5%); Memory(MB): used = 1023, reserved = 1019, peak = 1023;

PHY-1001 : End Stage 2.4 | RAM/DSP Legalization and Detailed Placement; Time: 2.560068s wall, 3.765625s user + 0.078125s system = 3.843750s CPU (150.1%); Memory(MB): used = 1023, reserved = 1019, peak = 1023;

PHY-1001 : Stage 2.5 | Global Placement Step 2
PHY-3001 : Target density is 60%
PHY-1001 : Stage 2.5.1 | Update Timing
PHY-1001 : SWNS: -1282, STNS: -22973, FEP: 26
PHY-1001 : End Stage 2.5.1 | Update Timing; Time: 0.112849s wall, 0.109375s user + 0.000000s system = 0.109375s CPU (96.9%); Memory(MB): used = 1023, reserved = 1019, peak = 1023;

PHY-1001 : Stage 2.5.2 | Refresh Congestion
RUN-1001 : Generating global routing grids ...
RUN-1001 : Building simple global routing graph ...
PHY-1001 : Generate routing nets ...
PHY-1001 : Reuse net number 0/14086.
PHY-1001 : Global iterations in 32 thread ...
PHY-1002 : len = 2.04717e+06, over cnt = 2633(3%), over = 14289, worst = 117
PHY-1001 : End global iterations;  0.464744s wall, 1.015625s user + 0.000000s system = 1.015625s CPU (218.5%)

PHY-1001 : Congestion index:
PHY-1001 : top1  = 196.38(S 111.13, N 141.74, E 171.24, W 145.07, I 334.87, O 365.62)
PHY-1001 : top5  = 136.56(S 71.92, N 84.89, E 111.86, W 96.09, I 194.39, O 221.04)
PHY-1001 : top10 = 110.51(S 54.70, N 64.38, E 84.56, W 76.78, I 140.49, O 163.95)
PHY-1001 : top15 = 95.73(S 45.14, N 53.52, E 69.77, W 64.98, I 111.35, O 131.68)
PHY-1001 : End Stage 2.5.2 | Refresh Congestion; Time: 0.776624s wall, 1.312500s user + 0.015625s system = 1.328125s CPU (171.0%); Memory(MB): used = 1108, reserved = 1104, peak = 1108;

PHY-1001 : Stage 2.5.3 | GP Iteration
PHY-1001 : End Stage 2.5.3 | GP Iteration; Time: 2.715174s wall, 26.046875s user + 0.765625s system = 26.812500s CPU (987.5%); Memory(MB): used = 1112, reserved = 1109, peak = 1112;

PHY-3001 : Multithread accelerating rate: 9.80
PHY-1001 : End Stage 2.5 | Global Placement Step 2; Time: 4.775608s wall, 28.625000s user + 0.781250s system = 29.406250s CPU (615.8%); Memory(MB): used = 1115, reserved = 1111, peak = 1115;

PHY-1001 : Stage 2.6 | RAM/DSP Detailed Placement
PHY-1001 : Stage 2.6.1 | Detailed Placement
PHY-1001 : Stage 2.6.1.1 | Simulated Annealing Based DP
PHY-0007 : Initial: WL Cost = 137688, TD Cost = 5.71099e+06, SWNS = -1342, STNS = -23041, Nums per T = 530, Range Limit = 2x32
PHY-0007 : Finally: WL Cost = 137658, TD Cost = 5.71099e+06, WL Ratio = 0.999786, TD Ratio = 1, SWNS = -1342, STNS = -23041
RUN-1001 : Print Detailed placement's Summary information
RUN-1001 : -------------------------------------------------------------------------------------------------------------------------------
RUN-1001 :             |  Total  |  Accept  |  Reject by overFlow  |  Reject by worseCost  |  Failed by noTarget  |  Failed by gridCheck  
RUN-1001 : -------------------------------------------------------------------------------------------------------------------------------
RUN-1001 :   RAM/DSPs  |  1060   |    2     |          0           |         1058          |          0           |           0           
RUN-1001 :    Macros   |   224   |    2     |          0           |          222          |          0           |           0           
RUN-1001 : -------------------------------------------------------------------------------------------------------------------------------
PHY-1001 : End Stage 2.6.1.1 | Simulated Annealing Based DP; Time: 1.090794s wall, 1.578125s user + 0.000000s system = 1.578125s CPU (144.7%); Memory(MB): used = 1118, reserved = 1114, peak = 1118;

PHY-3001 : End Detailed Place; 
PHY-1001 : End Stage 2.6.1 | Detailed Placement; Time: 1.223817s wall, 1.703125s user + 0.000000s system = 1.703125s CPU (139.2%); Memory(MB): used = 1118, reserved = 1114, peak = 1118;

PHY-1001 : Stage 2.6.2 | Spreading
OPT-1001 : Total overflow 694.53 peak overflow 8.62
PHY-3001 : Spreading for sector grids.
PHY-3001 : Iter 1, total overflow: 0
PHY-3001 : tot_capacity: 48, usage_cnt: 22, movable_cnt: 34
PHY-3001 : End spreading;  0.062311s wall, 0.046875s user + 0.000000s system = 0.046875s CPU (75.2%)

PHY-1001 : End Stage 2.6.2 | Spreading; Time: 0.062393s wall, 0.046875s user + 0.000000s system = 0.046875s CPU (75.1%); Memory(MB): used = 1118, reserved = 1114, peak = 1118;

PHY-1001 : End Stage 2.6 | RAM/DSP Detailed Placement; Time: 1.430391s wall, 1.921875s user + 0.000000s system = 1.921875s CPU (134.4%); Memory(MB): used = 1118, reserved = 1114, peak = 1118;

PHY-1001 : Stage 2.7 | Optimize Design
OPT-1001 : Start physical optimization ...
OPT-1001 : Total overflow 694.53 peak overflow 8.62
OPT-1001 : Stage 2.7.1 | Synthesize High-fanout Net
OPT-1001 : Start high-fanout net optimization in pre-pack flow with medium effort ...
OPT-1001 : Update timing in Manhattan mode
OPT-1001 : End timing update;  1.107827s wall, 1.093750s user + 0.015625s system = 1.109375s CPU (100.1%)

OPT-1001 : Start: SWNS -1342 STNS -23041 NUM_FEPS 26
OPT-1001 : Total overflow 694.53 peak overflow 8.62
PHY-1001 : Populate physical database on model design_top_wrapper.
OPT-1001 : 57 high-fanout net processed.
PHY-3001 : Start incremental placement ...
PHY-1001 : Populate physical database on model design_top_wrapper.
PHY-1001 : Processing 2 clock pins of DDR instance u_DDR_top/u_ph1p35_324_ddr_wrapper/u_ddr2/ph1p_ddrmc_wrapper/ph1p_ddrmc_top/u_ddr_phy/u_ddrphy_top/u_ddrphy/ac_byte[0]$ac_byte_used$u_ddrphy_ac_byte_wrapper/u_ddrphy_byte, location = x0y70z0.
PHY-1001 :   Placed ioclk instance u_DDR_top/u_ph1p35_324_ddr_wrapper/u_ddr2/ph1p_ddrmc_wrapper/ph1p_ddrmc_top/u_ddr_phy/u_ddrphy_top/u_ddrphy_clk/ioclk[0]$u_ioclk_1, location = x0y59z1.
PHY-1001 :   Placed ioclk instance u_DDR_top/u_ph1p35_324_ddr_wrapper/u_ddr2/ph1p_ddrmc_wrapper/ph1p_ddrmc_top/u_ddr_phy/u_ddrphy_top/u_ddrphy_clk/ioclk[0]$u_ioclk_0, location = x0y59z0.
PHY-1001 : Processing 2 clock pins of DDR instance u_DDR_top/u_ph1p35_324_ddr_wrapper/u_ddr2/ph1p_ddrmc_wrapper/ph1p_ddrmc_top/u_ddr_phy/u_ddrphy_top/u_ddrphy/ac_byte[1]$ac_byte_used$u_ddrphy_ac_byte_wrapper/u_ddrphy_byte, location = x0y60z0.
PHY-1001 :   Placed ioclk instance u_DDR_top/u_ph1p35_324_ddr_wrapper/u_ddr2/ph1p_ddrmc_wrapper/ph1p_ddrmc_top/u_ddr_phy/u_ddrphy_top/u_ddrphy_clk/ioclk[0]$u_ioclk_1, location = x0y59z1.
PHY-1001 :   Placed ioclk instance u_DDR_top/u_ph1p35_324_ddr_wrapper/u_ddr2/ph1p_ddrmc_wrapper/ph1p_ddrmc_top/u_ddr_phy/u_ddrphy_top/u_ddrphy_clk/ioclk[0]$u_ioclk_0, location = x0y59z0.
PHY-1001 : Processing 2 clock pins of DDR instance u_DDR_top/u_ph1p35_324_ddr_wrapper/u_ddr2/ph1p_ddrmc_wrapper/ph1p_ddrmc_top/u_ddr_phy/u_ddrphy_top/u_ddrphy/ac_byte[2]$ac_byte_used$u_ddrphy_ac_byte_wrapper/u_ddrphy_byte, location = x0y50z0.
PHY-1001 :   Placed ioclk instance u_DDR_top/u_ph1p35_324_ddr_wrapper/u_ddr2/ph1p_ddrmc_wrapper/ph1p_ddrmc_top/u_ddr_phy/u_ddrphy_top/u_ddrphy_clk/ioclk[0]$u_ioclk_1, location = x0y59z1.
PHY-1001 :   Placed ioclk instance u_DDR_top/u_ph1p35_324_ddr_wrapper/u_ddr2/ph1p_ddrmc_wrapper/ph1p_ddrmc_top/u_ddr_phy/u_ddrphy_top/u_ddrphy_clk/ioclk[0]$u_ioclk_0, location = x0y59z0.
PHY-1001 : Processing 2 clock pins of DDR instance u_DDR_top/u_ph1p35_324_ddr_wrapper/u_ddr2/ph1p_ddrmc_wrapper/ph1p_ddrmc_top/u_ddr_phy/u_ddrphy_top/u_ddrphy/ac_byte[3]$ac_byte_used$u_ddrphy_ac_byte_wrapper/u_ddrphy_byte, location = x0y40z0.
PHY-1001 :   Placed ioclk instance u_DDR_top/u_ph1p35_324_ddr_wrapper/u_ddr2/ph1p_ddrmc_wrapper/ph1p_ddrmc_top/u_ddr_phy/u_ddrphy_top/u_ddrphy_clk/ioclk[0]$u_ioclk_1, location = x0y59z1.
PHY-1001 :   Placed ioclk instance u_DDR_top/u_ph1p35_324_ddr_wrapper/u_ddr2/ph1p_ddrmc_wrapper/ph1p_ddrmc_top/u_ddr_phy/u_ddrphy_top/u_ddrphy_clk/ioclk[0]$u_ioclk_0, location = x0y59z0.
PHY-1001 : Processing 2 clock pins of DDR instance u_DDR_top/u_ph1p35_324_ddr_wrapper/u_ddr2/ph1p_ddrmc_wrapper/ph1p_ddrmc_top/u_ddr_phy/u_ddrphy_top/u_ddrphy/dx_byte[0]$dx_byte_used$u_ddrphy_dx_byte_wrapper/u_ddrphy_byte, location = x0y30z0.
PHY-1001 :   Placed ioclk instance u_DDR_top/u_ph1p35_324_ddr_wrapper/u_ddr2/ph1p_ddrmc_wrapper/ph1p_ddrmc_top/u_ddr_phy/u_ddrphy_top/u_ddrphy_clk/ioclk[1]$u_ioclk_1, location = x0y19z1.
PHY-1001 :   Placed ioclk instance u_DDR_top/u_ph1p35_324_ddr_wrapper/u_ddr2/ph1p_ddrmc_wrapper/ph1p_ddrmc_top/u_ddr_phy/u_ddrphy_top/u_ddrphy_clk/ioclk[1]$u_ioclk_0, location = x0y19z0.
PHY-1001 : Processing 2 clock pins of DDR instance u_DDR_top/u_ph1p35_324_ddr_wrapper/u_ddr2/ph1p_ddrmc_wrapper/ph1p_ddrmc_top/u_ddr_phy/u_ddrphy_top/u_ddrphy/dx_byte[1]$dx_byte_used$u_ddrphy_dx_byte_wrapper/u_ddrphy_byte, location = x0y10z0.
PHY-1001 :   Placed ioclk instance u_DDR_top/u_ph1p35_324_ddr_wrapper/u_ddr2/ph1p_ddrmc_wrapper/ph1p_ddrmc_top/u_ddr_phy/u_ddrphy_top/u_ddrphy_clk/ioclk[1]$u_ioclk_1, location = x0y19z1.
PHY-1001 :   Placed ioclk instance u_DDR_top/u_ph1p35_324_ddr_wrapper/u_ddr2/ph1p_ddrmc_wrapper/ph1p_ddrmc_top/u_ddr_phy/u_ddrphy_top/u_ddrphy_clk/ioclk[1]$u_ioclk_0, location = x0y19z0.
PHY-3001 : Target density is 60%
PHY-3001 : Target density is 60%
PHY-1001 : Stage 2.7.1.1 | Update Timing
PHY-1001 : SWNS: -1353, STNS: -25215, FEP: 26
PHY-1001 : End Stage 2.7.1.1 | Update Timing; Time: 0.124981s wall, 0.125000s user + 0.000000s system = 0.125000s CPU (100.0%); Memory(MB): used = 1118, reserved = 1114, peak = 1118;

PHY-1001 : Stage 2.7.1.2 | Refresh Congestion
RUN-1001 : Generating global routing grids ...
PHY-1001 : Generate routing nets ...
PHY-1001 : Reuse net number 265/26149.
PHY-1001 : Global iterations in 32 thread ...
PHY-1002 : len = 1.73598e+06, over cnt = 3373(4%), over = 19059, worst = 82
PHY-1001 : End global iterations;  0.688267s wall, 1.734375s user + 0.031250s system = 1.765625s CPU (256.5%)

PHY-1001 : Congestion index:
PHY-1001 : top1  = 191.96(S 116.34, N 176.05, E 142.18, W 117.63, I 213.62, O 229.93)
PHY-1001 : top5  = 134.76(S 75.49, N 114.98, E 92.55, W 82.36, I 129.18, O 142.01)
PHY-1001 : top10 = 111.65(S 60.49, N 87.38, E 75.40, W 67.90, I 98.19, O 109.13)
PHY-1001 : top15 = 98.51(S 51.88, N 72.68, E 65.05, W 59.09, I 81.71, O 91.38)
PHY-1001 : End Stage 2.7.1.2 | Refresh Congestion; Time: 0.881570s wall, 1.921875s user + 0.031250s system = 1.953125s CPU (221.6%); Memory(MB): used = 1131, reserved = 1127, peak = 1131;

PHY-1001 : Stage 2.7.1.3 | GP Iteration
PHY-1001 : End Stage 2.7.1.3 | GP Iteration; Time: 1.350517s wall, 13.484375s user + 0.390625s system = 13.875000s CPU (1027.4%); Memory(MB): used = 1134, reserved = 1130, peak = 1134;

PHY-3001 : Multithread accelerating rate: 10.40
OPT-1001 : Total overflow 675.47 peak overflow 7.56
PHY-3001 : Spreading for sector grids.
PHY-3001 : Iter 1, total overflow: 0
PHY-3001 : tot_capacity: 48, usage_cnt: 21, movable_cnt: 35
PHY-3001 : End spreading;  0.057782s wall, 0.046875s user + 0.000000s system = 0.046875s CPU (81.1%)

PHY-3001 : Final: Len = 1.31213e+06, Over = 134.719
PHY-3001 : End incremental placement;  2.665571s wall, 16.218750s user + 0.421875s system = 16.640625s CPU (624.3%)

OPT-1001 : Total overflow 675.47 peak overflow 7.56
RUN-1001 : HFN opt statistic
RUN-1001 : ------------------------------------------------------
RUN-1001 :   DriverCell type  |  HFN count  |  Duplicated count  
RUN-1001 : ------------------------------------------------------
RUN-1001 :         REG        |      5      |         32         
RUN-1001 :        LUT6        |     29      |         64         
RUN-1001 :        LUT5        |      2      |         19         
RUN-1001 :        LUT4        |      5      |        105         
RUN-1001 :        LUT3        |      0      |         0          
RUN-1001 :        LUT2        |     16      |        244         
RUN-1001 :        TOTAL       |     57      |        464         
RUN-1001 : ------------------------------------------------------
OPT-1001 : End high-fanout net optimization;  5.912325s wall, 19.437500s user + 0.437500s system = 19.875000s CPU (336.2%)

OPT-1001 : Update timing in Manhattan mode
OPT-1001 : End timing update;  1.179677s wall, 1.187500s user + 0.000000s system = 1.187500s CPU (100.7%)

OPT-1001 : Current memory(MB): used = 1134, reserved = 1130, peak = 1134.
OPT-1001 : End Stage 2.7.1 | Synthesize High-fanout Net; Time: 7.232636s wall, 20.750000s user + 0.437500s system = 21.187500s CPU (292.9%); Memory(MB): used = 1134, reserved = 1130, peak = 1134;

OPT-1001 : Stage 2.7.2 | Global Optimization
OPT-1001 : Start global optimization ...
OPT-0007 : Start: SWNS -955 STNS -14065 NUM_FEPS 26
OPT-1001 : Start congestion update ...
RUN-1001 : Generating global routing grids ...
PHY-1001 : Generate routing nets ...
PHY-1001 : Reuse net number 3241/24078.
PHY-1001 : Global iterations in 32 thread ...
PHY-1002 : len = 1.54078e+06, over cnt = 2993(4%), over = 10053, worst = 19
PHY-1002 : len = 1.66896e+06, over cnt = 2444(3%), over = 5855, worst = 14
PHY-1002 : len = 1.77958e+06, over cnt = 1078(1%), over = 2302, worst = 10
PHY-1002 : len = 1.82907e+06, over cnt = 518(0%), over = 959, worst = 9
PHY-1002 : len = 1.86402e+06, over cnt = 45(0%), over = 69, worst = 2
PHY-1001 : End global iterations;  2.078631s wall, 2.890625s user + 0.015625s system = 2.906250s CPU (139.8%)

PHY-1001 : Congestion index:
PHY-1001 : top1  = 88.97(S 68.25, N 81.53, E 79.44, W 79.61, I 225.08, O 211.92)
PHY-1001 : top5  = 74.40(S 53.85, N 64.70, E 62.78, W 64.42, I 135.33, O 133.69)
PHY-1001 : top10 = 67.72(S 46.55, N 56.25, E 54.49, W 56.75, I 100.66, O 105.35)
PHY-1001 : top15 = 63.21(S 41.72, N 50.72, E 48.95, W 51.54, I 83.05, O 89.64)
OPT-1001 : End congestion update;  2.448759s wall, 3.265625s user + 0.015625s system = 3.281250s CPU (134.0%)

OPT-0007 : Iter 1: improved SWNS -778 STNS -10759 NUM_FEPS 24 with 97 cells processed and 3559 slack improved
OPT-0007 : Iter 2: improved SWNS -778 STNS -10781 NUM_FEPS 24 with 42 cells processed and 949 slack improved
OPT-0007 : Iter 3: improved SWNS -761 STNS -10388 NUM_FEPS 24 with 27 cells processed and 732 slack improved
OPT-0007 : Iter 4: improved SWNS -761 STNS -9846 NUM_FEPS 24 with 21 cells processed and 706 slack improved
OPT-0007 : Iter 5: improved SWNS -708 STNS -9436 NUM_FEPS 24 with 16 cells processed and 460 slack improved
OPT-0007 : Iter 6: improved SWNS -708 STNS -9436 NUM_FEPS 24 with 7 cells processed and 573 slack improved
OPT-1001 : Overall commit ratio 0.17
OPT-1001 : End global optimization;  2.660362s wall, 3.484375s user + 0.015625s system = 3.500000s CPU (131.6%)

OPT-1001 : Current memory(MB): used = 1134, reserved = 1130, peak = 1134.
OPT-1001 : End Stage 2.7.2 | Global Optimization; Time: 4.645040s wall, 5.468750s user + 0.015625s system = 5.484375s CPU (118.1%); Memory(MB): used = 1134, reserved = 1130, peak = 1134;

OPT-0007 : End flow prepack: SWNS -708 STNS -9436 NUM_FEPS 24
OPT-1001 : End physical optimization;  11.908652s wall, 26.250000s user + 0.453125s system = 26.703125s CPU (224.2%)

PHY-1001 : End Stage 2.7 | Optimize Design; Time: 11.911754s wall, 26.250000s user + 0.453125s system = 26.703125s CPU (224.2%); Memory(MB): used = 1134, reserved = 1130, peak = 1134;

PHY-1001 : Stage 2.8 | Pack and Legalization
PHY-1001 : Stage 2.8.1 | Direct Legalization
PHY-3001 : Start Direct Legalization ...
PHY-3001 : Get top1 grid util = 0.801927, top1_avg = 0.801927.
PHY-1001 : Populate physical database on model design_top_wrapper.
PHY-3001 : Target density is 60%
PHY-3001 : Before Legalization for Slice Macros, Len = 1.32069e+06.
RUN-1001 : Legalization top10 inst displacement:
RUN-1001 : -------------------------------------------------------------------------------------------------------------------------------------------------------------------------------------------------------------------------------------
RUN-1001 :   Index  |  Bounded  |  Height  |        Location        |  Disp. (slots)  |  Disp. (grids)  |                                                                 Name                                                                  
RUN-1001 : -------------------------------------------------------------------------------------------------------------------------------------------------------------------------------------------------------------------------------------
RUN-1001 :     1    |     N     |    8     |   x3y42z3 to x5y39z0   |       43        |        5        |   u_DDR_top/u_ph1p35_324_ddr_wrapper/u_ddr2/ph1p_ddrmc_wrapper/ph1p_ddrmc_top/u_ddr_phy/u_ddrphy_top/u_ddrphy_init/ramread0_syn_111   
RUN-1001 :     2    |     N     |    8     |   x2y33z5 to x5y32z0   |       37        |        4        |  u_DDR_top/u_ph1p35_324_ddr_wrapper/u_ddr2/ph1p_ddrmc_wrapper/ph1p_ddrmc_top/u_phy2mc_fifo/byteIdx_1[0]$u_wfifo_sync/ramread0_syn_88  
RUN-1001 :     3    |     N     |    8     |   x3y42z4 to x5y45z0   |       36        |        5        |   u_DDR_top/u_ph1p35_324_ddr_wrapper/u_ddr2/ph1p_ddrmc_wrapper/ph1p_ddrmc_top/u_ddr_phy/u_ddrphy_top/u_ddrphy_init/ramread0_syn_91    
RUN-1001 :     4    |     N     |    8     |   x2y42z5 to x5y44z0   |       35        |        5        |   u_DDR_top/u_ph1p35_324_ddr_wrapper/u_ddr2/ph1p_ddrmc_wrapper/ph1p_ddrmc_top/u_ddr_phy/u_ddrphy_top/u_ddrphy_init/ramread0_syn_71    
RUN-1001 :     5    |     N     |    8     |   x3y42z3 to x5y40z0   |       35        |        4        |   u_DDR_top/u_ph1p35_324_ddr_wrapper/u_ddr2/ph1p_ddrmc_wrapper/ph1p_ddrmc_top/u_ddr_phy/u_ddrphy_top/u_ddrphy_init/ramread0_syn_31    
RUN-1001 :     6    |     N     |    8     |  x12y49z2 to x9y50z0   |       30        |        4        |                                            u_img_processing/u_sobel_edge/ramread0_syn_1313                                            
RUN-1001 :     7    |     N     |    8     |  x18y41z2 to x21y42z0  |       30        |        4        |                                            u_img_processing/u_sobel_edge/ramread0_syn_833                                             
RUN-1001 :     8    |     N     |    8     |  x12y48z6 to x9y48z0   |       30        |        3        |                                            u_img_processing/u_sobel_edge/ramread0_syn_1093                                            
RUN-1001 :     9    |     N     |    8     |   x2y34z4 to x5y34z0   |       28        |        3        |  u_DDR_top/u_ph1p35_324_ddr_wrapper/u_ddr2/ph1p_ddrmc_wrapper/ph1p_ddrmc_top/u_phy2mc_fifo/byteIdx_1[0]$u_wfifo_sync/ramread0_syn_48  
RUN-1001 :    10    |     N     |    8     |   x3y32z3 to x5y31z0   |       27        |        3        |  u_DDR_top/u_ph1p35_324_ddr_wrapper/u_ddr2/ph1p_ddrmc_wrapper/ph1p_ddrmc_top/u_phy2mc_fifo/byteIdx_1[0]$u_wfifo_sync/ramread0_syn_68  
RUN-1001 : -------------------------------------------------------------------------------------------------------------------------------------------------------------------------------------------------------------------------------------
PHY-3001 : After Legalization for Slice Macros, Len = 1.37244e+06.
RUN-1001 : Generating global routing grids ...
PHY-1001 : Generate routing nets ...
PHY-1001 : Reuse net number 21220/24218.
RUN-1002 : start command "update_timing -mode MANHATTAN"
RUN-1002 : start command "start_timer"
RUN-1003 : finish command "start_timer" in  1.221780s wall, 1.218750s user + 0.000000s system = 1.218750s CPU (99.8%)

RUN-1004 : used memory is 1160 MB, reserved memory is 1155 MB, peak memory is 1160 MB
RUN-1003 : finish command "update_timing -mode MANHATTAN" in  2.276032s wall, 2.281250s user + 0.000000s system = 2.281250s CPU (100.2%)

RUN-1004 : used memory is 1160 MB, reserved memory is 1155 MB, peak memory is 1160 MB
PHY-1001 : Global iterations in 32 thread ...
PHY-1002 : len = 1.88662e+06, over cnt = 981(1%), over = 2212, worst = 12
PHY-1002 : len = 1.90122e+06, over cnt = 761(1%), over = 1336, worst = 12
PHY-1002 : len = 1.92533e+06, over cnt = 291(0%), over = 411, worst = 8
PHY-1002 : len = 1.93384e+06, over cnt = 130(0%), over = 146, worst = 2
PHY-1002 : len = 1.93859e+06, over cnt = 40(0%), over = 49, worst = 2
PHY-1001 : End global iterations;  0.949448s wall, 1.171875s user + 0.000000s system = 1.171875s CPU (123.4%)

PHY-1001 : Congestion index:
PHY-1001 : top1  = 87.92(S 68.08, N 79.90, E 78.94, W 79.69, I 206.99, O 206.41)
PHY-1001 : top5  = 74.18(S 53.61, N 63.87, E 63.36, W 64.92, I 125.49, O 129.92)
PHY-1001 : top10 = 67.65(S 46.40, N 55.72, E 55.32, W 57.45, I 95.68, O 103.37)
PHY-1001 : top15 = 63.31(S 41.72, N 50.49, E 49.92, W 52.49, I 80.43, O 88.77)
PHY-3001 : Total Iter 137, legal = 25788 / 25788 (100.00%), avg_move = 30.52, max_move = 317.
PHY-3001 : There are no illegal insts.
PHY-1001 : Populate physical database on model design_top_wrapper.
PHY-3001 : End Direct Legalization;  15.727322s wall, 173.312500s user + 0.625000s system = 173.937500s CPU (1106.0%)

RUN-1001 : Summary of LUT-FF Pairs
RUN-1001 : ---------------------------------------------------------------
RUN-1001 :   Num of Fanout Seqs  |   1x   |  2x  |  3~5  |  6~10  |  >10  
RUN-1001 : ---------------------------------------------------------------
RUN-1001 :         Total         |  6743  |  5   |  45   |   0    |  23   
RUN-1001 :          Grid         |  6738  |  5   |  43   |   0    |  23   
RUN-1001 :          Bank         |  6562  |  5   |  39   |   0    |  23   
RUN-1001 :         Paired        |  6543  |  5   |  39   |   0    |  22   
RUN-1001 : ---------------------------------------------------------------
RUN-1001 : Summary of LUT Pairs
RUN-1001 : ---------------------------------------------------------------------------------------------------------------------
RUN-1001 :            |           |           |           |           |           |  O5 + O6  |  Only O5  |  Only O6  |  Total  
RUN-1001 : ---------------------------------------------------------------------------------------------------------------------
RUN-1001 :   5 Share  |  4 Share  |  3 Share  |  2 Share  |  1 Share  |  0 Share  |           |           |           |         
RUN-1001 :     125    |    200    |    240    |    416    |   1821    |   3470    |   6272    |   2784    |   3560    |  12616  
RUN-1001 : ---------------------------------------------------------------------------------------------------------------------
PHY-1001 : End Stage 2.8.1 | Direct Legalization; Time: 15.781497s wall, 173.375000s user + 0.625000s system = 174.000000s CPU (1102.6%); Memory(MB): used = 1278, reserved = 1273, peak = 1279;

PHY-3001 : Target density is 60%
PHY-3001 : After Direct Legalization, Len = 1.71492e+06.
PHY-1001 : End Stage 2.8 | Pack and Legalization; Time: 15.933258s wall, 173.531250s user + 0.625000s system = 174.156250s CPU (1093.0%); Memory(MB): used = 1279, reserved = 1273, peak = 1279;

RUN-1002 : start command "start_timer"
RUN-1003 : finish command "start_timer" in  2.418988s wall, 2.390625s user + 0.000000s system = 2.390625s CPU (98.8%)

RUN-1004 : used memory is 1279 MB, reserved memory is 1273 MB, peak memory is 1279 MB
PHY-1001 : End Stage 2 | Global Placement; Time: 47.069627s wall, 253.531250s user + 4.687500s system = 258.218750s CPU (548.6%); Memory(MB): used = 1279, reserved = 1273, peak = 1279;

PHY-1001 : Stage 3 | Detailed Placement
PHY-1001 : Stage 3.1 | SLICE Detailed Placement
PHY-1001 : Stage 3.1.1 | Spreading
PHY-3001 : Design contains 118 ce signals.
PHY-3001 : Spreading for sector grids.
PHY-3001 : Iter 1, total overflow: 0
PHY-3001 : tot_capacity: 36, usage_cnt: 17, movable_cnt: 25
PHY-3001 : Spreading for clock grids.
PHY-3001 : clock grid count for 24 x 4 grids
PHY-3001 : Spreading for plb grids.
PHY-3001 : total displace: 0, max displace: 0.
PHY-3001 : End spreading;  0.254433s wall, 0.250000s user + 0.000000s system = 0.250000s CPU (98.3%)

PHY-1001 : End Stage 3.1.1 | Spreading; Time: 0.254523s wall, 0.250000s user + 0.000000s system = 0.250000s CPU (98.2%); Memory(MB): used = 1280, reserved = 1275, peak = 1280;

PHY-1001 : Stage 3.1.2 | Simulated Annealing Based DP
RUN-1001 : Generating global routing grids ...
PHY-1001 : Generate routing nets ...
PHY-1001 : Reuse net number 2359/19337.
PHY-1001 : Global iterations in 32 thread ...
PHY-1002 : len = 1.91365e+06, over cnt = 1658(2%), over = 3186, worst = 9
PHY-1002 : len = 1.93997e+06, over cnt = 1085(1%), over = 1836, worst = 9
PHY-1002 : len = 1.96882e+06, over cnt = 326(0%), over = 566, worst = 9
PHY-1002 : len = 1.9761e+06, over cnt = 114(0%), over = 202, worst = 9
PHY-1002 : len = 1.98184e+06, over cnt = 3(0%), over = 3, worst = 1
PHY-1001 : End global iterations;  1.364339s wall, 1.828125s user + 0.031250s system = 1.859375s CPU (136.3%)

PHY-1001 : Congestion index:
PHY-1001 : top1  = 78.62(S 57.19, N 69.27, E 75.25, W 72.09, I 65.82, O 73.27)
PHY-1001 : top5  = 68.75(S 46.11, N 54.25, E 60.37, W 59.35, I 56.72, O 61.78)
PHY-1001 : top10 = 62.70(S 39.62, N 47.01, E 52.47, W 52.29, I 52.05, O 55.52)
PHY-1001 : top15 = 58.70(S 35.53, N 42.71, E 47.44, W 47.87, I 48.69, O 51.06)
PHY-0007 : Initial: WL Cost = 135866, TD Cost = 4.17077e+06, SWNS = -2217, STNS = -38549, Nums per T = 118060, Range Limit = 4x8
PHY-0007 : Finally: WL Cost = 119718, TD Cost = 3.10563e+06, WL Ratio = 0.881147, TD Ratio = 0.744619, SWNS = -1324, STNS = -14278
RUN-1001 : Print Detailed placement's Summary information
RUN-1001 : -------------------------------------------------------------------------------------------------------------------------------
RUN-1001 :           |   Total   |  Accept  |  Reject by overFlow  |  Reject by worseCost  |  Failed by noTarget  |  Failed by gridCheck  
RUN-1001 : -------------------------------------------------------------------------------------------------------------------------------
RUN-1001 :   Slices  |  1180600  |  35167   |         803          |        1131384        |         766          |         12480         
RUN-1001 :   Macros  |   26645   |   315    |          63          |         26009         |         214          |          44           
RUN-1001 : -------------------------------------------------------------------------------------------------------------------------------
PHY-1001 : End Stage 3.1.2 | Simulated Annealing Based DP; Time: 17.995444s wall, 21.234375s user + 0.109375s system = 21.343750s CPU (118.6%); Memory(MB): used = 1296, reserved = 1291, peak = 1296;

PHY-3001 : End Detailed Place; 
PHY-3001 : Final: Len = 1.49201e+06, Over = 0
PHY-1001 : End Stage 3.1 | SLICE Detailed Placement; Time: 18.545096s wall, 21.796875s user + 0.109375s system = 21.906250s CPU (118.1%); Memory(MB): used = 1296, reserved = 1291, peak = 1296;

PHY-3001 : End Detailed Place; 
PHY-1001 : Stage 3.2 | Optimize Design
OPT-1001 : Start physical optimization ...
OPT-1001 : Total overflow 0.00 peak overflow 0.00
OPT-1001 : Stage 3.2.1 | Physical Optimization
OPT-1001 : Start high-fanout net optimization in optimize equivalent flow with medium effort ...
OPT-1001 : Clean unloaded insts before merging registers
PHY-1001 : Populate physical database on model design_top_wrapper.
PHY-1001 : Populate physical database on model design_top_wrapper.
OPT-1001 : Total overflow 0.00 peak overflow 0.00
OPT-1001 : End optimize duplicated nets. Total 185 instances are merged and 3912 sinks are reconnected,  2.215092s wall, 2.218750s user + 0.000000s system = 2.218750s CPU (100.2%)

OPT-1001 : End high-fanout net optimization;  2.216953s wall, 2.218750s user + 0.000000s system = 2.218750s CPU (100.1%)

OPT-1001 : Update timing in Manhattan mode
RUN-1002 : start command "start_timer"
RUN-1003 : finish command "start_timer" in  2.060170s wall, 2.000000s user + 0.000000s system = 2.000000s CPU (97.1%)

RUN-1004 : used memory is 1296 MB, reserved memory is 1291 MB, peak memory is 1297 MB
OPT-1001 : End timing update;  3.191099s wall, 3.125000s user + 0.000000s system = 3.125000s CPU (97.9%)

OPT-1001 : Current memory(MB): used = 1296, reserved = 1291, peak = 1297.
OPT-1001 : End Stage 3.2.1 | Physical Optimization; Time: 5.537294s wall, 5.484375s user + 0.000000s system = 5.484375s CPU (99.0%); Memory(MB): used = 1296, reserved = 1291, peak = 1297;

OPT-1001 : Stage 3.2.2 | Synthesize High-fanout Net
OPT-1001 : Start high-fanout net optimization in post-pack flow with medium effort ...
OPT-1001 : Start: SWNS -1063 STNS -13372 NUM_FEPS 26
OPT-1001 : Total overflow 0.00 peak overflow 0.00
PHY-1001 : Populate physical database on model design_top_wrapper.
OPT-1001 : 59 high-fanout net processed.
OPT-1001 : Total overflow 0.00 peak overflow 0.00
RUN-1001 : HFN opt statistic
RUN-1001 : ------------------------------------------------------
RUN-1001 :   DriverCell type  |  HFN count  |  Duplicated count  
RUN-1001 : ------------------------------------------------------
RUN-1001 :       LSLICE       |      0      |         0          
RUN-1001 :       MSLICE       |      0      |         0          
RUN-1001 :        OTHER       |     59      |         72         
RUN-1001 :        TOTAL       |     59      |         72         
RUN-1001 : ------------------------------------------------------
OPT-1001 : End high-fanout net optimization;  2.416379s wall, 2.390625s user + 0.000000s system = 2.390625s CPU (98.9%)

OPT-1001 : Current memory(MB): used = 1296, reserved = 1291, peak = 1297.
OPT-1001 : End Stage 3.2.2 | Synthesize High-fanout Net; Time: 2.560413s wall, 2.546875s user + 0.000000s system = 2.546875s CPU (99.5%); Memory(MB): used = 1296, reserved = 1291, peak = 1297;

OPT-1001 : Stage 3.2.3 | Optimize Path
OPT-1001 : Start unpack path based optimization ...
OPT-0007 : Start: SWNS -1119 STNS -13703 NUM_FEPS 26 with mode 2
OPT-1001 : Start congestion update ...
RUN-1001 : Generating global routing grids ...
PHY-1001 : Generate routing nets ...
PHY-1001 : Reuse net number 6255/20047.
PHY-1001 : Global iterations in 32 thread ...
PHY-1002 : len = 1.75574e+06, over cnt = 1945(2%), over = 3737, worst = 9
PHY-1002 : len = 1.80027e+06, over cnt = 1189(1%), over = 1927, worst = 9
PHY-1002 : len = 1.84544e+06, over cnt = 250(0%), over = 409, worst = 9
PHY-1002 : len = 1.8531e+06, over cnt = 34(0%), over = 58, worst = 5
PHY-1002 : len = 1.85451e+06, over cnt = 0(0%), over = 0, worst = 0
PHY-1001 : End global iterations;  1.363981s wall, 2.343750s user + 0.031250s system = 2.375000s CPU (174.1%)

PHY-1001 : Congestion index:
PHY-1001 : top1  = 77.80(S 54.80, N 64.70, E 74.67, W 70.89, I 65.76, O 72.12)
PHY-1001 : top5  = 66.46(S 44.26, N 52.30, E 58.88, W 57.69, I 56.32, O 59.07)
PHY-1001 : top10 = 60.56(S 38.40, N 46.16, E 50.96, W 51.45, I 51.56, O 53.40)
PHY-1001 : top15 = 56.71(S 34.67, N 42.38, E 46.27, W 47.28, I 48.43, O 49.67)
OPT-1001 : End congestion update;  1.737032s wall, 2.703125s user + 0.031250s system = 2.734375s CPU (157.4%)

OPT-0007 : Iter 1: improved SWNS -658 STNS -2527 NUM_FEPS 12 with 43(2832) cells and 1416(1416) paths processed with 9444 slack improved, crit_thod: -222 ratio: 0.98(45/46) rt: 2.4s
OPT-0007 : Iter 2: improved SWNS -201 STNS -435 NUM_FEPS 3 with 22(1352) cells and 676(676) paths processed with 5250 slack improved, crit_thod: 16 ratio: 0.92(24/26) rt: 1.5s
OPT-0007 : Iter 3: improved SWNS -201 STNS -402 NUM_FEPS 2 with 34(1870) cells and 935(935) paths processed with 6844 slack improved, crit_thod: 319 ratio: 0.90(38/42) rt: 2.3s
OPT-0007 : Iter 4: improved SWNS -201 STNS -402 NUM_FEPS 2 with 44(1148) cells and 574(574) paths processed with 6033 slack improved, crit_thod: 477 ratio: 0.92(48/52) rt: 2.8s
OPT-0007 : Iter 5: improved SWNS -201 STNS -402 NUM_FEPS 2 with 37(1270) cells and 635(635) paths processed with 6382 slack improved, crit_thod: 596 ratio: 0.87(39/45) rt: 2.7s
OPT-0007 : Iter 6: improved SWNS -201 STNS -402 NUM_FEPS 2 with 38(1832) cells and 916(916) paths processed with 5898 slack improved, crit_thod: 695 ratio: 0.91(39/43) rt: 2.6s
OPT-0007 : Iter 7: improved SWNS -201 STNS -402 NUM_FEPS 2 with 36(1814) cells and 907(907) paths processed with 5720 slack improved, crit_thod: 751 ratio: 0.83(38/46) rt: 2.8s
OPT-0007 : Iter 8: improved SWNS -201 STNS -402 NUM_FEPS 2 with 29(1778) cells and 889(889) paths processed with 4206 slack improved, crit_thod: 767 ratio: 0.86(30/35) rt: 2.2s
OPT-1001 : End path based optimization;  21.045148s wall, 21.921875s user + 0.031250s system = 21.953125s CPU (104.3%)

OPT-1001 : Current memory(MB): used = 1297, reserved = 1291, peak = 1297.
OPT-1001 : End Stage 3.2.3 | Optimize Path; Time: 21.179757s wall, 22.062500s user + 0.031250s system = 22.093750s CPU (104.3%); Memory(MB): used = 1297, reserved = 1291, peak = 1297;

OPT-1001 : Stage 3.2.4 | Optimize Duplicated Nets
OPT-1001 : Start: WNS -201 TNS -402 NUM_FEPS 2
OPT-1001 : Clean unloaded insts before merging registers
PHY-1001 : Populate physical database on model design_top_wrapper.
PHY-1001 : Populate physical database on model design_top_wrapper.
OPT-1001 : Total overflow 0.00 peak overflow 0.00
OPT-1001 : End optimize duplicated nets. Total 9 instances are merged and 3901 sinks are reconnected,  2.283212s wall, 2.281250s user + 0.000000s system = 2.281250s CPU (99.9%)

OPT-1001 : Update timing in Manhattan mode
RUN-1002 : start command "start_timer"
RUN-1003 : finish command "start_timer" in  2.097327s wall, 2.109375s user + 0.000000s system = 2.109375s CPU (100.6%)

RUN-1004 : used memory is 1297 MB, reserved memory is 1291 MB, peak memory is 1297 MB
OPT-1001 : End timing update;  3.254195s wall, 3.250000s user + 0.015625s system = 3.265625s CPU (100.4%)

OPT-1001 : Current memory(MB): used = 1297, reserved = 1291, peak = 1297.
OPT-1001 : End Stage 3.2.4 | Optimize Duplicated Nets; Time: 5.672189s wall, 5.656250s user + 0.015625s system = 5.671875s CPU (100.0%); Memory(MB): used = 1297, reserved = 1291, peak = 1297;

OPT-1001 : Stage 3.2.5 | Swap Pins
OPT-1001 : Start pin optimization...
OPT-1001 : Start: SWNS -201 STNS -402 NUM_FEPS 2
OPT-1001 : Successfully optimized 2302 instances
OPT-1001 : Successfully optimized 1427 instances
OPT-1001 : End pin optimization;  2.921977s wall, 2.890625s user + 0.000000s system = 2.890625s CPU (98.9%)

OPT-1001 : Current memory(MB): used = 1297, reserved = 1291, peak = 1297.
OPT-1001 : End Stage 3.2.5 | Swap Pins; Time: 3.055792s wall, 3.031250s user + 0.000000s system = 3.031250s CPU (99.2%); Memory(MB): used = 1297, reserved = 1291, peak = 1297;

OPT-1001 : Stage 3.2.6 | Optimize Beeline
OPT-1001 : Start beeline optimization...
OPT-1001 : Start: SWNS -195 STNS -390 NUM_FEPS 2
PHY-1001 : Beeline DP, 868 out of 5527 (15.70)%; hop = 1143.
PHY-1001 : Beeline DP, 384 out of 4823 (7.96)%; hop = 534.
PHY-1001 : Beeline DP, 277 out of 4645 (5.96)%; hop = 360.
PHY-1001 : Beeline DP, 212 out of 4602 (4.61)%; hop = 286.
PHY-1001 : Beeline DP, 192 out of 4561 (4.21)%; hop = 264.
PHY-1001 : Beeline optimization intraPLB, 2964 1-hop(43.73%), 2727 2-hop(40.23%), 456 3-hop( 6.73%), 631 others ( 9.31%)
PHY-1001 :  6.637160s wall, 6.578125s user + 0.015625s system = 6.593750s CPU (99.3%)

RUN-1001 : Beeline optimization outerPLB: 1-hop 3137, 2-hop 5188, 3-hop 2479, 4-hop 806, other 2214 
OPT-1001 : End beeline optimization;  7.134328s wall, 7.046875s user + 0.015625s system = 7.062500s CPU (99.0%)

OPT-1001 : Update timing in Manhattan mode
OPT-1001 : End timing update;  1.197618s wall, 1.187500s user + 0.000000s system = 1.187500s CPU (99.2%)

OPT-1001 : End Stage 3.2.6 | Optimize Beeline; Time: 8.571111s wall, 8.468750s user + 0.015625s system = 8.484375s CPU (99.0%); Memory(MB): used = 1297, reserved = 1291, peak = 1297;

OPT-0007 : End flow postpack: SWNS -201 STNS -397 NUM_FEPS 2
RUN-1001 : Generating global routing grids ...
PHY-1001 : Generate routing nets ...
PHY-1001 : Reuse net number 17151/19391.
PHY-1001 : Global iterations in 32 thread ...
PHY-1002 : len = 1.85418e+06, over cnt = 568(0%), over = 774, worst = 5
PHY-1002 : len = 1.8612e+06, over cnt = 327(0%), over = 431, worst = 5
PHY-1002 : len = 1.8693e+06, over cnt = 126(0%), over = 164, worst = 4
PHY-1002 : len = 1.87195e+06, over cnt = 38(0%), over = 53, worst = 4
PHY-1002 : len = 1.87304e+06, over cnt = 0(0%), over = 0, worst = 0
PHY-1001 : End global iterations;  0.473739s wall, 0.546875s user + 0.015625s system = 0.562500s CPU (118.7%)

PHY-1001 : Congestion index:
PHY-1001 : top1  = 78.29(S 55.17, N 64.37, E 74.59, W 70.64, I 65.73, O 70.72)
PHY-1001 : top5  = 66.64(S 44.56, N 52.27, E 58.98, W 58.12, I 55.98, O 58.63)
PHY-1001 : top10 = 60.83(S 38.82, N 46.19, E 51.04, W 51.99, I 50.77, O 53.39)
PHY-1001 : top15 = 56.96(S 35.12, N 42.50, E 46.28, W 47.73, I 47.56, O 49.70)
RUN-1001 : QoR Analysis:
OPT-0007 :   SWNS -201 STNS -397 NUM_FEPS 2
RUN-1001 :   No local congestion issue, and most congested 1% tile average routing util is 77.947368
RUN-1001 :   Top critical paths
RUN-1001 :       #1 path slack -201ps with logic level 1 
RUN-1001 :       #2 path slack -196ps with logic level 1 
RUN-1001 :       #3 path slack -191ps with logic level 1 
RUN-1001 :       #4 path slack -184ps with logic level 1 
RUN-1001 :   extra opt step will be enabled to improve QoR
RUN-1001 :   0 HFN exist on timing critical paths out of 36680 nets
RUN-1001 :   0 long nets exist on timing critical paths out of 36680 nets
PHY-3001 : Start incremental legalization ...
PHY-1001 : Populate physical database on model design_top_wrapper.
PHY-1001 : Processing 2 clock pins of DDR instance u_DDR_top/u_ph1p35_324_ddr_wrapper/u_ddr2/ph1p_ddrmc_wrapper/ph1p_ddrmc_top/u_ddr_phy/u_ddrphy_top/u_ddrphy/ac_byte[0]$ac_byte_used$u_ddrphy_ac_byte_wrapper/u_ddrphy_byte, location = x0y70z0.
PHY-1001 :   Placed ioclk instance u_DDR_top/u_ph1p35_324_ddr_wrapper/u_ddr2/ph1p_ddrmc_wrapper/ph1p_ddrmc_top/u_ddr_phy/u_ddrphy_top/u_ddrphy_clk/ioclk[0]$u_ioclk_1, location = x0y59z1.
PHY-1001 :   Placed ioclk instance u_DDR_top/u_ph1p35_324_ddr_wrapper/u_ddr2/ph1p_ddrmc_wrapper/ph1p_ddrmc_top/u_ddr_phy/u_ddrphy_top/u_ddrphy_clk/ioclk[0]$u_ioclk_0, location = x0y59z0.
PHY-1001 : Processing 2 clock pins of DDR instance u_DDR_top/u_ph1p35_324_ddr_wrapper/u_ddr2/ph1p_ddrmc_wrapper/ph1p_ddrmc_top/u_ddr_phy/u_ddrphy_top/u_ddrphy/ac_byte[1]$ac_byte_used$u_ddrphy_ac_byte_wrapper/u_ddrphy_byte, location = x0y60z0.
PHY-1001 :   Placed ioclk instance u_DDR_top/u_ph1p35_324_ddr_wrapper/u_ddr2/ph1p_ddrmc_wrapper/ph1p_ddrmc_top/u_ddr_phy/u_ddrphy_top/u_ddrphy_clk/ioclk[0]$u_ioclk_1, location = x0y59z1.
PHY-1001 :   Placed ioclk instance u_DDR_top/u_ph1p35_324_ddr_wrapper/u_ddr2/ph1p_ddrmc_wrapper/ph1p_ddrmc_top/u_ddr_phy/u_ddrphy_top/u_ddrphy_clk/ioclk[0]$u_ioclk_0, location = x0y59z0.
PHY-1001 : Processing 2 clock pins of DDR instance u_DDR_top/u_ph1p35_324_ddr_wrapper/u_ddr2/ph1p_ddrmc_wrapper/ph1p_ddrmc_top/u_ddr_phy/u_ddrphy_top/u_ddrphy/ac_byte[2]$ac_byte_used$u_ddrphy_ac_byte_wrapper/u_ddrphy_byte, location = x0y50z0.
PHY-1001 :   Placed ioclk instance u_DDR_top/u_ph1p35_324_ddr_wrapper/u_ddr2/ph1p_ddrmc_wrapper/ph1p_ddrmc_top/u_ddr_phy/u_ddrphy_top/u_ddrphy_clk/ioclk[0]$u_ioclk_1, location = x0y59z1.
PHY-1001 :   Placed ioclk instance u_DDR_top/u_ph1p35_324_ddr_wrapper/u_ddr2/ph1p_ddrmc_wrapper/ph1p_ddrmc_top/u_ddr_phy/u_ddrphy_top/u_ddrphy_clk/ioclk[0]$u_ioclk_0, location = x0y59z0.
PHY-1001 : Processing 2 clock pins of DDR instance u_DDR_top/u_ph1p35_324_ddr_wrapper/u_ddr2/ph1p_ddrmc_wrapper/ph1p_ddrmc_top/u_ddr_phy/u_ddrphy_top/u_ddrphy/ac_byte[3]$ac_byte_used$u_ddrphy_ac_byte_wrapper/u_ddrphy_byte, location = x0y40z0.
PHY-1001 :   Placed ioclk instance u_DDR_top/u_ph1p35_324_ddr_wrapper/u_ddr2/ph1p_ddrmc_wrapper/ph1p_ddrmc_top/u_ddr_phy/u_ddrphy_top/u_ddrphy_clk/ioclk[0]$u_ioclk_1, location = x0y59z1.
PHY-1001 :   Placed ioclk instance u_DDR_top/u_ph1p35_324_ddr_wrapper/u_ddr2/ph1p_ddrmc_wrapper/ph1p_ddrmc_top/u_ddr_phy/u_ddrphy_top/u_ddrphy_clk/ioclk[0]$u_ioclk_0, location = x0y59z0.
PHY-1001 : Processing 2 clock pins of DDR instance u_DDR_top/u_ph1p35_324_ddr_wrapper/u_ddr2/ph1p_ddrmc_wrapper/ph1p_ddrmc_top/u_ddr_phy/u_ddrphy_top/u_ddrphy/dx_byte[0]$dx_byte_used$u_ddrphy_dx_byte_wrapper/u_ddrphy_byte, location = x0y30z0.
PHY-1001 :   Placed ioclk instance u_DDR_top/u_ph1p35_324_ddr_wrapper/u_ddr2/ph1p_ddrmc_wrapper/ph1p_ddrmc_top/u_ddr_phy/u_ddrphy_top/u_ddrphy_clk/ioclk[1]$u_ioclk_1, location = x0y19z1.
PHY-1001 :   Placed ioclk instance u_DDR_top/u_ph1p35_324_ddr_wrapper/u_ddr2/ph1p_ddrmc_wrapper/ph1p_ddrmc_top/u_ddr_phy/u_ddrphy_top/u_ddrphy_clk/ioclk[1]$u_ioclk_0, location = x0y19z0.
PHY-1001 : Processing 2 clock pins of DDR instance u_DDR_top/u_ph1p35_324_ddr_wrapper/u_ddr2/ph1p_ddrmc_wrapper/ph1p_ddrmc_top/u_ddr_phy/u_ddrphy_top/u_ddrphy/dx_byte[1]$dx_byte_used$u_ddrphy_dx_byte_wrapper/u_ddrphy_byte, location = x0y10z0.
PHY-1001 :   Placed ioclk instance u_DDR_top/u_ph1p35_324_ddr_wrapper/u_ddr2/ph1p_ddrmc_wrapper/ph1p_ddrmc_top/u_ddr_phy/u_ddrphy_top/u_ddrphy_clk/ioclk[1]$u_ioclk_1, location = x0y19z1.
PHY-1001 :   Placed ioclk instance u_DDR_top/u_ph1p35_324_ddr_wrapper/u_ddr2/ph1p_ddrmc_wrapper/ph1p_ddrmc_top/u_ddr_phy/u_ddrphy_top/u_ddrphy_clk/ioclk[1]$u_ioclk_0, location = x0y19z0.
PHY-3001 : Target density is 60%
PHY-3001 : Target density is 60%
PHY-3001 : Initial: Len = 1.52648e+06, Over = 0
PHY-1001 : Stage 3.2.7 | Spreading
PHY-3001 : Design contains 118 ce signals.
PHY-3001 : Spreading for sector grids.
PHY-3001 : Iter 1, total overflow: 0
PHY-3001 : tot_capacity: 36, usage_cnt: 17, movable_cnt: 26
PHY-3001 : Spreading for clock grids.
PHY-3001 : clock grid count for 24 x 4 grids
PHY-3001 : Spreading for plb grids.
PHY-3001 : total displace: 0, max displace: 0.
PHY-3001 : End spreading;  0.258093s wall, 0.250000s user + 0.000000s system = 0.250000s CPU (96.9%)

PHY-1001 : End Stage 3.2.7 | Spreading; Time: 0.258192s wall, 0.250000s user + 0.000000s system = 0.250000s CPU (96.8%); Memory(MB): used = 1308, reserved = 1301, peak = 1308;

PHY-3001 : Final: Len = 1.52648e+06, Over = 0
PHY-3001 : End incremental legalization;  0.490889s wall, 0.484375s user + 0.015625s system = 0.500000s CPU (101.9%)

OPT-1001 : Total overflow 0.00 peak overflow 0.00
OPT-1001 : Stage 3.2.8 | Synthesize High-fanout Net
OPT-1001 : Current memory(MB): used = 1308, reserved = 1301, peak = 1308.
OPT-1001 : End Stage 3.2.8 | Synthesize High-fanout Net; Time: 0.195860s wall, 0.203125s user + 0.000000s system = 0.203125s CPU (103.7%); Memory(MB): used = 1308, reserved = 1301, peak = 1308;

OPT-1001 : Stage 3.2.9 | Optimize Path
OPT-1001 : Start unpack path based optimization ...
OPT-0007 : Start: SWNS -201 STNS -397 NUM_FEPS 2 with mode 2
OPT-1001 : Start congestion update ...
RUN-1001 : Generating global routing grids ...
PHY-1001 : Generate routing nets ...
PHY-1001 : Reuse net number 19391/19391.
PHY-1001 : Global iterations in 32 thread ...
PHY-1002 : len = 1.87304e+06, over cnt = 0(0%), over = 0, worst = 0
PHY-1001 : End global iterations;  0.053677s wall, 0.062500s user + 0.000000s system = 0.062500s CPU (116.4%)

PHY-1001 : Congestion index:
PHY-1001 : top1  = 78.29(S 55.17, N 64.37, E 74.59, W 70.64, I 65.73, O 70.72)
PHY-1001 : top5  = 66.64(S 44.56, N 52.27, E 58.98, W 58.12, I 55.98, O 58.63)
PHY-1001 : top10 = 60.83(S 38.82, N 46.19, E 51.04, W 51.99, I 50.77, O 53.39)
PHY-1001 : top15 = 56.96(S 35.12, N 42.50, E 46.28, W 47.73, I 47.56, O 49.70)
OPT-1001 : End congestion update;  0.387024s wall, 0.359375s user + 0.000000s system = 0.359375s CPU (92.9%)

OPT-0007 : Iter 1: improved SWNS -201 STNS -396 NUM_FEPS 2 with 6(156) cells and 78(78) paths processed with 745 slack improved, crit_thod: 1000 ratio: 1.00(6/6) rt: 0.5s
OPT-0007 : Iter 2: improved SWNS -201 STNS -396 NUM_FEPS 2 with 0(8) cells and 4(4) paths processed with 0 slack improved, crit_thod: 1000 ratio: -1.00(0/0) rt: 0.0s
OPT-1001 : End path based optimization;  0.915421s wall, 0.890625s user + 0.000000s system = 0.890625s CPU (97.3%)

OPT-1001 : Current memory(MB): used = 1308, reserved = 1301, peak = 1308.
OPT-1001 : End Stage 3.2.9 | Optimize Path; Time: 1.056688s wall, 1.031250s user + 0.000000s system = 1.031250s CPU (97.6%); Memory(MB): used = 1308, reserved = 1301, peak = 1308;

OPT-1001 : Stage 3.2.10 | Aggressive Optimization
OPT-1001 : End Stage 3.2.10 | Aggressive Optimization; Time: 0.143359s wall, 0.140625s user + 0.000000s system = 0.140625s CPU (98.1%); Memory(MB): used = 1308, reserved = 1301, peak = 1308;

OPT-1001 : Stage 3.2.11 | Optimize Bottleneck
OPT-1001 : Start bottleneck based optimization ...
OPT-0007 : Start: SWNS -201 STNS -396 NUM_FEPS 2
OPT-1001 : Start congestion update ...
RUN-1001 : Generating global routing grids ...
PHY-1001 : Generate routing nets ...
PHY-1001 : Reuse net number 19378/19392.
PHY-1001 : Global iterations in 32 thread ...
PHY-1002 : len = 1.87792e+06, over cnt = 5(0%), over = 6, worst = 2
PHY-1002 : len = 1.87794e+06, over cnt = 2(0%), over = 2, worst = 1
PHY-1002 : len = 1.87797e+06, over cnt = 0(0%), over = 0, worst = 0
PHY-1001 : End global iterations;  0.128882s wall, 0.140625s user + 0.000000s system = 0.140625s CPU (109.1%)

PHY-1001 : Congestion index:
PHY-1001 : top1  = 78.62(S 55.21, N 64.41, E 74.59, W 70.97, I 65.73, O 70.72)
PHY-1001 : top5  = 66.73(S 44.57, N 52.28, E 58.96, W 58.35, I 55.97, O 58.63)
PHY-1001 : top10 = 60.94(S 38.84, N 46.19, E 51.04, W 52.15, I 50.75, O 53.38)
PHY-1001 : top15 = 57.04(S 35.13, N 42.53, E 46.26, W 47.93, I 47.54, O 49.69)
OPT-1001 : End congestion update;  0.467126s wall, 0.468750s user + 0.000000s system = 0.468750s CPU (100.3%)

OPT-0007 : Iter 1: improved SWNS -201 STNS -396 NUM_FEPS 2 with 0(2) cells processed with 0 slack improved, crit_thod: 500 ratio: -1.00(0/0) rt: 0.2s
OPT-0007 : Iter 2: improved SWNS -201 STNS -396 NUM_FEPS 2 with 0(2) cells processed with 0 slack improved, crit_thod: 500 ratio: -1.00(0/0) rt: 0.2s
OPT-1001 : End bottleneck based optimization;  0.806740s wall, 0.812500s user + 0.000000s system = 0.812500s CPU (100.7%)

OPT-1001 : Current memory(MB): used = 1308, reserved = 1301, peak = 1308.
OPT-1001 : End Stage 3.2.11 | Optimize Bottleneck; Time: 0.941884s wall, 0.953125s user + 0.000000s system = 0.953125s CPU (101.2%); Memory(MB): used = 1308, reserved = 1301, peak = 1308;

OPT-1001 : Stage 3.2.12 | Swap Pins
OPT-1001 : Start pin optimization...
OPT-1001 : Start: SWNS -201 STNS -396 NUM_FEPS 2
OPT-1001 : Successfully optimized 1 instances
OPT-1001 : Successfully optimized 0 instances
OPT-1001 : End pin optimization;  0.599950s wall, 0.578125s user + 0.000000s system = 0.578125s CPU (96.4%)

OPT-1001 : Current memory(MB): used = 1308, reserved = 1301, peak = 1308.
OPT-1001 : End Stage 3.2.12 | Swap Pins; Time: 0.740143s wall, 0.718750s user + 0.000000s system = 0.718750s CPU (97.1%); Memory(MB): used = 1308, reserved = 1301, peak = 1308;

OPT-1001 : Stage 3.2.13 | Optimize Duplicated Nets
OPT-1001 : Start: WNS -195 TNS -390 NUM_FEPS 2
OPT-1001 : Clean unloaded insts before merging registers
PHY-1001 : Populate physical database on model design_top_wrapper.
PHY-1001 : Populate physical database on model design_top_wrapper.
OPT-1001 : Total overflow 0.00 peak overflow 0.00
OPT-1001 : End optimize duplicated nets. Total 19 instances are merged and 667 sinks are reconnected,  2.266505s wall, 2.265625s user + 0.000000s system = 2.265625s CPU (100.0%)

OPT-1001 : Update timing in Manhattan mode
RUN-1002 : start command "start_timer"
RUN-1003 : finish command "start_timer" in  2.083480s wall, 2.093750s user + 0.000000s system = 2.093750s CPU (100.5%)

RUN-1004 : used memory is 1308 MB, reserved memory is 1301 MB, peak memory is 1308 MB
OPT-1001 : End timing update;  3.264121s wall, 3.265625s user + 0.000000s system = 3.265625s CPU (100.0%)

OPT-1001 : Current memory(MB): used = 1308, reserved = 1301, peak = 1308.
OPT-1001 : End Stage 3.2.13 | Optimize Duplicated Nets; Time: 5.670254s wall, 5.671875s user + 0.000000s system = 5.671875s CPU (100.0%); Memory(MB): used = 1308, reserved = 1301, peak = 1308;

OPT-0007 : End flow postplace: SWNS -195 STNS -390 NUM_FEPS 2
OPT-1001 : End physical optimization;  56.948038s wall, 58.375000s user + 0.093750s system = 58.468750s CPU (102.7%)

PHY-1001 : End Stage 3.2 | Optimize Design; Time: 56.948194s wall, 58.375000s user + 0.093750s system = 58.468750s CPU (102.7%); Memory(MB): used = 1308, reserved = 1301, peak = 1308;

RUN-1001 : Report Control nets information:
RUN-1001 : DFF Distribution
RUN-1001 : -------------------------------------
RUN-1001 :   CE   |  SSR  |  ASR  |  DFF Count  
RUN-1001 : -------------------------------------
RUN-1001 :   No   |  No   |  No   |     256     
RUN-1001 :   No   |  No   |  Yes  |      0      
RUN-1001 :   No   |  Yes  |  No   |      0      
RUN-1001 :   Yes  |  No   |  No   |    6975     
RUN-1001 :   Yes  |  No   |  Yes  |    6236     
RUN-1001 :   Yes  |  Yes  |  No   |     516     
RUN-1001 : -------------------------------------
RUN-1001 : Control Group Statistic
RUN-1001 : -----------------------------
RUN-1001 :   #CLK  |  #CE  |  #SSR/ASR  
RUN-1001 : -----------------------------
RUN-1001 :    10   |  341  |     32     
RUN-1001 : -----------------------------
RUN-0007 : Control Set = 422
PHY-1001 : End Stage 3 | Detailed Placement; Time: 75.632028s wall, 80.312500s user + 0.203125s system = 80.515625s CPU (106.5%); Memory(MB): used = 1308, reserved = 1301, peak = 1308;

PHY-1001 : Populate physical database on model design_top_wrapper.
PHY-1001 : Stage 4 | Optimize Design
PHY-3001 : Start incremental legalization ...
PHY-1001 : Populate physical database on model design_top_wrapper.
PHY-1001 : Processing 2 clock pins of DDR instance u_DDR_top/u_ph1p35_324_ddr_wrapper/u_ddr2/ph1p_ddrmc_wrapper/ph1p_ddrmc_top/u_ddr_phy/u_ddrphy_top/u_ddrphy/ac_byte[0]$ac_byte_used$u_ddrphy_ac_byte_wrapper/u_ddrphy_byte, location = x0y70z0.
PHY-1001 :   Placed ioclk instance u_DDR_top/u_ph1p35_324_ddr_wrapper/u_ddr2/ph1p_ddrmc_wrapper/ph1p_ddrmc_top/u_ddr_phy/u_ddrphy_top/u_ddrphy_clk/ioclk[0]$u_ioclk_1, location = x0y59z1.
PHY-1001 :   Placed ioclk instance u_DDR_top/u_ph1p35_324_ddr_wrapper/u_ddr2/ph1p_ddrmc_wrapper/ph1p_ddrmc_top/u_ddr_phy/u_ddrphy_top/u_ddrphy_clk/ioclk[0]$u_ioclk_0, location = x0y59z0.
PHY-1001 : Processing 2 clock pins of DDR instance u_DDR_top/u_ph1p35_324_ddr_wrapper/u_ddr2/ph1p_ddrmc_wrapper/ph1p_ddrmc_top/u_ddr_phy/u_ddrphy_top/u_ddrphy/ac_byte[1]$ac_byte_used$u_ddrphy_ac_byte_wrapper/u_ddrphy_byte, location = x0y60z0.
PHY-1001 :   Placed ioclk instance u_DDR_top/u_ph1p35_324_ddr_wrapper/u_ddr2/ph1p_ddrmc_wrapper/ph1p_ddrmc_top/u_ddr_phy/u_ddrphy_top/u_ddrphy_clk/ioclk[0]$u_ioclk_1, location = x0y59z1.
PHY-1001 :   Placed ioclk instance u_DDR_top/u_ph1p35_324_ddr_wrapper/u_ddr2/ph1p_ddrmc_wrapper/ph1p_ddrmc_top/u_ddr_phy/u_ddrphy_top/u_ddrphy_clk/ioclk[0]$u_ioclk_0, location = x0y59z0.
PHY-1001 : Processing 2 clock pins of DDR instance u_DDR_top/u_ph1p35_324_ddr_wrapper/u_ddr2/ph1p_ddrmc_wrapper/ph1p_ddrmc_top/u_ddr_phy/u_ddrphy_top/u_ddrphy/ac_byte[2]$ac_byte_used$u_ddrphy_ac_byte_wrapper/u_ddrphy_byte, location = x0y50z0.
PHY-1001 :   Placed ioclk instance u_DDR_top/u_ph1p35_324_ddr_wrapper/u_ddr2/ph1p_ddrmc_wrapper/ph1p_ddrmc_top/u_ddr_phy/u_ddrphy_top/u_ddrphy_clk/ioclk[0]$u_ioclk_1, location = x0y59z1.
PHY-1001 :   Placed ioclk instance u_DDR_top/u_ph1p35_324_ddr_wrapper/u_ddr2/ph1p_ddrmc_wrapper/ph1p_ddrmc_top/u_ddr_phy/u_ddrphy_top/u_ddrphy_clk/ioclk[0]$u_ioclk_0, location = x0y59z0.
PHY-1001 : Processing 2 clock pins of DDR instance u_DDR_top/u_ph1p35_324_ddr_wrapper/u_ddr2/ph1p_ddrmc_wrapper/ph1p_ddrmc_top/u_ddr_phy/u_ddrphy_top/u_ddrphy/ac_byte[3]$ac_byte_used$u_ddrphy_ac_byte_wrapper/u_ddrphy_byte, location = x0y40z0.
PHY-1001 :   Placed ioclk instance u_DDR_top/u_ph1p35_324_ddr_wrapper/u_ddr2/ph1p_ddrmc_wrapper/ph1p_ddrmc_top/u_ddr_phy/u_ddrphy_top/u_ddrphy_clk/ioclk[0]$u_ioclk_1, location = x0y59z1.
PHY-1001 :   Placed ioclk instance u_DDR_top/u_ph1p35_324_ddr_wrapper/u_ddr2/ph1p_ddrmc_wrapper/ph1p_ddrmc_top/u_ddr_phy/u_ddrphy_top/u_ddrphy_clk/ioclk[0]$u_ioclk_0, location = x0y59z0.
PHY-1001 : Processing 2 clock pins of DDR instance u_DDR_top/u_ph1p35_324_ddr_wrapper/u_ddr2/ph1p_ddrmc_wrapper/ph1p_ddrmc_top/u_ddr_phy/u_ddrphy_top/u_ddrphy/dx_byte[0]$dx_byte_used$u_ddrphy_dx_byte_wrapper/u_ddrphy_byte, location = x0y30z0.
PHY-1001 :   Placed ioclk instance u_DDR_top/u_ph1p35_324_ddr_wrapper/u_ddr2/ph1p_ddrmc_wrapper/ph1p_ddrmc_top/u_ddr_phy/u_ddrphy_top/u_ddrphy_clk/ioclk[1]$u_ioclk_1, location = x0y19z1.
PHY-1001 :   Placed ioclk instance u_DDR_top/u_ph1p35_324_ddr_wrapper/u_ddr2/ph1p_ddrmc_wrapper/ph1p_ddrmc_top/u_ddr_phy/u_ddrphy_top/u_ddrphy_clk/ioclk[1]$u_ioclk_0, location = x0y19z0.
PHY-1001 : Processing 2 clock pins of DDR instance u_DDR_top/u_ph1p35_324_ddr_wrapper/u_ddr2/ph1p_ddrmc_wrapper/ph1p_ddrmc_top/u_ddr_phy/u_ddrphy_top/u_ddrphy/dx_byte[1]$dx_byte_used$u_ddrphy_dx_byte_wrapper/u_ddrphy_byte, location = x0y10z0.
PHY-1001 :   Placed ioclk instance u_DDR_top/u_ph1p35_324_ddr_wrapper/u_ddr2/ph1p_ddrmc_wrapper/ph1p_ddrmc_top/u_ddr_phy/u_ddrphy_top/u_ddrphy_clk/ioclk[1]$u_ioclk_1, location = x0y19z1.
PHY-1001 :   Placed ioclk instance u_DDR_top/u_ph1p35_324_ddr_wrapper/u_ddr2/ph1p_ddrmc_wrapper/ph1p_ddrmc_top/u_ddr_phy/u_ddrphy_top/u_ddrphy_clk/ioclk[1]$u_ioclk_0, location = x0y19z0.
PHY-3001 : Target density is 60%
PHY-3001 : Target density is 60%
PHY-3001 : Initial: Len = 1.51874e+06, Over = 0
PHY-1001 : Stage 4.1 | Spreading
PHY-3001 : Design contains 118 ce signals.
PHY-3001 : Spreading for sector grids.
PHY-3001 : Iter 1, total overflow: 0
PHY-3001 : tot_capacity: 36, usage_cnt: 17, movable_cnt: 26
PHY-3001 : Spreading for clock grids.
PHY-3001 : clock grid count for 24 x 4 grids
PHY-3001 : Spreading for plb grids.
PHY-3001 : total displace: 0, max displace: 0.
PHY-3001 : End spreading;  0.266264s wall, 0.250000s user + 0.000000s system = 0.250000s CPU (93.9%)

PHY-1001 : End Stage 4.1 | Spreading; Time: 0.266363s wall, 0.250000s user + 0.000000s system = 0.250000s CPU (93.9%); Memory(MB): used = 1309, reserved = 1301, peak = 1309;

PHY-3001 : Final: Len = 1.51874e+06, Over = 0
PHY-3001 : End incremental legalization;  0.491872s wall, 0.890625s user + 0.000000s system = 0.890625s CPU (181.1%)

RUN-1002 : start command "report_qor -step place -file place.qor"
RUN-1002 : start command "start_timer"
RUN-1003 : finish command "start_timer" in  1.711363s wall, 1.656250s user + 0.000000s system = 1.656250s CPU (96.8%)

RUN-1004 : used memory is 1308 MB, reserved memory is 1301 MB, peak memory is 1309 MB
RUN-1001 : Generating global routing grids ...
-----------------------------------------------------------
| QoR metrics               |         value               |
-----------------------------------------------------------
| Timing                    |                             |
|     Setup WNS             |         -195                |
|     Setup TNS             |         -390                |
|     Num of violated S-EP  |            2                |
|     FMAX                  |    73.921MHz                |
|     SWNS path clock period |      13333ps                |
|     Hold WNS              |         -273                |
|     Hold TNS              |       -56822                |
|     Num of violated H-EP  |          542                |
-----------------------------------------------------------
| Routing Resource          |                             |
|     Wire length           |      1513755                |
|     Route Net Num         |        24937                |
|     DontRoute Net Num     |         9943                |
|     RouteSinks Num        |        81120                |
-----------------------------------------------------------
| Utilization               |                             |
|     #slices               |        15446                |
|     slices percentage     |       72.80%                |
|     #RAMs                 |           41                |
|     #DSPs                 |           12                |
|     #DRAMHARDCON          |           69                |
-----------------------------------------------------------
| Congestion                |                             |
|     Top 1% tile util      |           71                |
|     Top 1% tile avg util  |       78.00%                |
|     Over 100% util #tile  |            0                |
|     Max level             |            1                |
|     Window                |  [  9  38] - [ 14  39]      |
-----------------------------------------------------------
Report place stage QoR done.

RUN-1003 : finish command "report_qor -step place -file place.qor" in  3.678300s wall, 3.578125s user + 0.015625s system = 3.593750s CPU (97.7%)

RUN-1004 : used memory is 1308 MB, reserved memory is 1301 MB, peak memory is 1309 MB
PHY-1001 : End Stage 4 | Optimize Design; Time: 4.188348s wall, 4.484375s user + 0.015625s system = 4.500000s CPU (107.4%); Memory(MB): used = 1308, reserved = 1301, peak = 1309;

PHY-1001 : Stage 5 | DRC Check
PHY-1001 : Stage 5.1 | Slice Attributes Check
PHY-1035 : Redundant attributes/nets in slice detected. You can use tcl "check_slice_attr -verbose" to get full message.
PHY-1039 : Found 128 mslices getting no used reg attributes, eg: u_ISP_preprocess_top/u_isp_top/u_awb/div_gen_G_R_r1/al_d6a16df[32]_syn_20.
PHY-1039 : Found 128 mslices getting no used ce attributes, eg: u_ISP_preprocess_top/u_isp_top/u_awb/div_gen_G_R_r1/al_d6a16df[32]_syn_20.
PHY-1001 : End Stage 5.1 | Slice Attributes Check; Time: 0.054346s wall, 0.046875s user + 0.000000s system = 0.046875s CPU (86.3%); Memory(MB): used = 1308, reserved = 1301, peak = 1309;

PHY-1001 : Stage 5.2 | Clock Bound Check
PHY-1001 : Check pass.
PHY-1001 : End Stage 5.2 | Clock Bound Check; Time: 0.003009s wall, 0.000000s user + 0.000000s system = 0.000000s CPU (n/a%); Memory(MB): used = 1308, reserved = 1301, peak = 1309;

PHY-1001 : Stage 5.3 | Force Route Constraint Check
PHY-1001 : Check Pass.
PHY-1001 : End Stage 5.3 | Force Route Constraint Check; Time: 0.002634s wall, 0.015625s user + 0.000000s system = 0.015625s CPU (593.2%); Memory(MB): used = 1308, reserved = 1301, peak = 1309;

PHY-1001 : Stage 5.4 | Sigmap Check
PHY-1001 : Check pass.
PHY-1001 : End Stage 5.4 | Sigmap Check; Time: 0.097220s wall, 0.093750s user + 0.000000s system = 0.093750s CPU (96.4%); Memory(MB): used = 1308, reserved = 1301, peak = 1309;

PHY-1001 : Stage 5.5 | Duplicated SelfDriven Check
PHY-1001 : Check pass.
PHY-1001 : End Stage 5.5 | Duplicated SelfDriven Check; Time: 0.505794s wall, 0.500000s user + 0.000000s system = 0.500000s CPU (98.9%); Memory(MB): used = 1308, reserved = 1301, peak = 1309;

PHY-1001 : Stage 5.6 | Clock Rule Check
PHY-5088 WARNING: Clock_Analyzer: Detected 1 buffer(s) clkin net because they drive non-clock sinks. Run "analyze_clock -detail" for more infomation.
PHY-5088 WARNING: Clock_Analyzer: Detected 1 buffer(s) clkout net because they drive non-clock sinks. Run "analyze_clock -detail" for more infomation.
PHY-5088 WARNING: Clock_Analyzer: 3 clock-net(s) because they drive other clock net, may cause clock skew. Run "analyze_clock -detail" for more infomation.
PHY-1001 : End Stage 5.6 | Clock Rule Check; Time: 0.058759s wall, 0.062500s user + 0.000000s system = 0.062500s CPU (106.4%); Memory(MB): used = 1308, reserved = 1301, peak = 1309;

PHY-1001 : End Stage 5 | DRC Check; Time: 0.769679s wall, 0.765625s user + 0.000000s system = 0.765625s CPU (99.5%); Memory(MB): used = 1308, reserved = 1301, peak = 1309;

OPT-1001 : QoR tracer report on placement steps:
    SWNS [   incr ]    STNS [   incr ]    FEPS [   incr ]    CRIT [   incr ]      CELL [     incr ]        WL [     incr ]    CONG [   incr ]    PDES [   incr ]   RT(s) [   incr ]   MEM(mb) [     incr ]
       0 [      0 ]       0 [      0 ]       0 [      0 ]       0 [      0 ]     29962 [        0 ]         0 [        0 ]    0.00 [   0.00 ]       0 [      0 ]       0 [      0 ]       578 [        0 ] : preplace:simplify_lut
       0 [      0 ]       0 [      0 ]       0 [      0 ]       0 [      0 ]     29962 [        0 ]         0 [        0 ]    0.00 [   0.00 ]       0 [      0 ]       0 [      0 ]       578 [        0 ] : preplace:sweep
       0 [      0 ]       0 [      0 ]       0 [      0 ]       0 [      0 ]     29962 [        0 ]         0 [        0 ]    0.00 [   0.00 ]       0 [      0 ]       0 [      0 ]       578 [        0 ] : preplace:lut_merge
       0 [      0 ]       0 [      0 ]       0 [      0 ]       0 [      0 ]     29962 [        0 ]         0 [        0 ]    0.00 [   0.00 ]       0 [      0 ]       0 [      0 ]       578 [        0 ] : preplace:hfn_opt
   -1153 [  -1153 ]  -19877 [ -19877 ]      26 [     26 ]    1649 [   1649 ]     31748 [     1786 ]   1954696 [  1954696 ]    0.00 [   0.00 ]       0 [      0 ]       9 [      9 ]      1015 [      437 ] : step1_gp
   -1282 [   -129 ]  -22973 [  -3096 ]      26 [      0 ]    1711 [     62 ]     31748 [        0 ]   1984013 [    29317 ]    0.00 [   0.00 ]       0 [      0 ]      10 [      1 ]      1020 [        5 ] : step1_legal
   -1282 [      0 ]  -22973 [      0 ]      26 [      0 ]    1711 [      0 ]     31748 [        0 ]   1934716 [   -49297 ]    0.00 [   0.00 ]       0 [      0 ]      12 [      2 ]      1023 [        3 ] : step1_dp
   -1342 [    -60 ]  -23041 [    -68 ]      26 [      0 ]    1515 [   -196 ]     31748 [        0 ]   1541569 [  -393147 ]  195.92 [ 195.92 ]       0 [      0 ]      16 [      4 ]      1115 [       92 ] : step2_gp
   -1342 [      0 ]  -23041 [      0 ]      26 [      0 ]    1515 [      0 ]     31748 [        0 ]   1541055 [     -514 ]  195.92 [   0.00 ]       0 [      0 ]      18 [      2 ]      1118 [        3 ] : step2_dp
   -1342 [      0 ]  -23041 [      0 ]      26 [      0 ]    1515 [      0 ]     31748 [        0 ]   1541055 [        0 ]  195.92 [   0.00 ]       0 [      0 ]      18 [      0 ]      1118 [        0 ] : prepack_spreading
    -955 [    387 ]  -14065 [   8976 ]      26 [      0 ]    1545 [     30 ]     32212 [      464 ]   1305958 [  -235097 ]  191.50 [  -4.42 ]       0 [      0 ]      25 [      7 ]      1134 [       16 ] : prepack:hfn_opt
    -708 [    247 ]   -9436 [   4629 ]      24 [     -2 ]    1508 [    -37 ]     32212 [        0 ]   1312657 [     6699 ]   88.47 [-103.03 ]       0 [      0 ]      30 [      5 ]      1134 [        0 ] : prepack:global_opt
   -2217 [  -1509 ]  -38549 [ -29113 ]      26 [      2 ]     930 [   -578 ]     17499 [   -14713 ]   1709903 [   397246 ]   87.47 [  -1.00 ]       0 [      0 ]      49 [     19 ]      1279 [      145 ] : direct_legalization
   -2217 [      0 ]  -38549 [      0 ]      26 [      0 ]     930 [      0 ]     17499 [        0 ]   1709903 [        0 ]   87.47 [   0.00 ]       0 [      0 ]      50 [      1 ]      1281 [        2 ] : post_pack_spreading
   -1324 [    893 ]  -14278 [  24271 ]      26 [      0 ]    1180 [    250 ]     17499 [        0 ]   1486990 [  -222913 ]   78.42 [  -9.05 ]       0 [      0 ]      68 [     18 ]      1296 [       15 ] : post_pack_dp
   -1063 [    261 ]  -13372 [    906 ]      26 [      0 ]    1254 [     74 ]     17450 [      -49 ]   1461440 [   -25550 ]   78.42 [   0.00 ]       0 [      0 ]      73 [      5 ]      1297 [        1 ] : postpack:optimize_equivalent_quick
   -1119 [    -56 ]  -13703 [   -331 ]      26 [      0 ]    1211 [    -43 ]     17522 [       72 ]   1481400 [    19960 ]   78.42 [   0.00 ]       0 [      0 ]      76 [      3 ]      1297 [        0 ] : postpack:hfn_opt
    -201 [    918 ]    -402 [  13301 ]       2 [    -24 ]    1524 [    313 ]     17550 [       28 ]   1497454 [    16054 ]   77.37 [  -1.05 ]       0 [      0 ]      97 [     21 ]      1297 [        0 ] : postpack:path_opt
    -201 [      0 ]    -402 [      0 ]       2 [      0 ]    1472 [    -52 ]     17520 [      -30 ]   1479002 [   -18452 ]   77.37 [   0.00 ]       0 [      0 ]     103 [      6 ]      1297 [        0 ] : postpack:optimize_equivalent
    -195 [      6 ]    -390 [     12 ]       2 [      0 ]    2639 [   1167 ]     17520 [        0 ]   1479002 [        0 ]   77.37 [   0.00 ]       0 [      0 ]     106 [      3 ]      1297 [        0 ] : postpack:pin_opt
    -201 [     -6 ]    -397 [     -7 ]       2 [      0 ]    2268 [   -371 ]     17520 [        0 ]   1521495 [    42493 ]   77.37 [   0.00 ]       0 [      0 ]     114 [      8 ]      1297 [        0 ] : postpack:beeline_opt
    -201 [      0 ]    -397 [      0 ]       2 [      0 ]    2268 [      0 ]     17520 [        0 ]   1521495 [        0 ]   77.95 [   0.58 ]       0 [      0 ]     116 [      2 ]      1308 [       11 ] : postplace:crit_hfn_opt
    -201 [      0 ]    -396 [      1 ]       2 [      0 ]    2289 [     21 ]     17520 [        0 ]   1522337 [      842 ]   77.95 [   0.00 ]       0 [      0 ]     117 [      1 ]      1308 [        0 ] : postplace:path_opt
    -201 [      0 ]    -396 [      0 ]       2 [      0 ]    2289 [      0 ]     17520 [        0 ]   1522337 [        0 ]   77.95 [   0.00 ]       0 [      0 ]     117 [      0 ]      1308 [        0 ] : postplace:aggressive_opt
    -201 [      0 ]    -396 [      0 ]       2 [      0 ]    2289 [      0 ]     17520 [        0 ]   1522337 [        0 ]   78.29 [   0.34 ]       0 [      0 ]     118 [      1 ]      1308 [        0 ] : postplace:bn_opt
    -195 [      6 ]    -390 [      6 ]       2 [      0 ]    2289 [      0 ]     17520 [        0 ]   1522337 [        0 ]   78.29 [   0.00 ]       0 [      0 ]     119 [      1 ]      1308 [        0 ] : postplace:pin_opt
    -195 [      0 ]    -390 [      0 ]       2 [      0 ]    2289 [      0 ]     17506 [      -14 ]   1519893 [    -2444 ]   78.29 [   0.00 ]       0 [      0 ]     125 [      6 ]      1308 [        0 ] : postplace:optimize_equivalent

RUN-1003 : finish command "place" in  130.340421s wall, 341.703125s user + 4.984375s system = 346.687500s CPU (266.0%)

RUN-1004 : used memory is 1309 MB, reserved memory is 1301 MB, peak memory is 1309 MB
RUN-1002 : start command "update_timing -mode manhattan"
RUN-1002 : start command "start_timer"
RUN-1003 : finish command "start_timer" in  1.692668s wall, 1.671875s user + 0.000000s system = 1.671875s CPU (98.8%)

RUN-1004 : used memory is 1309 MB, reserved memory is 1301 MB, peak memory is 1309 MB
RUN-1003 : finish command "update_timing -mode manhattan" in  2.823525s wall, 2.781250s user + 0.000000s system = 2.781250s CPU (98.5%)

RUN-1004 : used memory is 1309 MB, reserved memory is 1301 MB, peak memory is 1309 MB
RUN-1002 : start command "report_timing_summary -file camera_to_dsi_display_place.timing"
RUN-1002 : start command "report_area -io_info -file camera_to_dsi_display_phy.area"
SYN-4034 : The count of slices with lut is 9540.
SYN-4035 : The count of slices with lut+ripple is 3093.
RUN-1001 : standard
***Report Model: design_top_wrapper Device: PH1P35MDG324***

Design Statistics
#IO                        80   out of    160   50.00%
  #input                   10
  #output                  47
  #inout                   23
#lut6                   13313   out of  21216   62.75%
#reg                    13727
  #slice reg            13727   out of  42432   32.35%
  #pad reg                  0

Utilization Statistics
#slice                  15446   out of  21216   72.80%
  #used ram               680
    #dram lut             552
    #shifter lut          128
  #used logic           14766
    #with luts           9540
    #with adder          3093
    #reg only            2133
#f7mux                     32   out of  10608    0.30%
#f8mux                     16   out of   5304    0.30%
#eram                      41   out of    108   37.96%
  #eram20k                 41
  #fifo20k                  0
#dsp                       12   out of     40   30.00%
#ddr_byte                   6   out of     12   50.00%
#mipi_tx                    0   out of      2    0.00%
#mipi_rx                    1   out of      2   50.00%
#pad                       39   out of    160   24.38%
#pll                        3   out of      6   50.00%
#gclk                       9   out of     32   28.12%
#lclk                       0   out of     12    0.00%
#sclk                       0   out of     48    0.00%
#mlclk                      2   out of      6   33.33%
#ioclk                      4   out of     18   22.22%

RUN-1002 : start command "flow_status -file place_flow.status"
Location         : D:\Anlogic\osd_SC500_720P\td_project\camera_to_dsi_display_Runs\phy_1
Running with     : Tang Dynasty v6.2.168116
                   Copyright (c) 2012-2025 Anlogic Inc.
Top Model        : design_top_wrapper
Device           : PH1P35MDG324
Speed            : 3

Timing Mode      : manhattan
Setup            : WNS  -195ps  TNS     -390ps  NUM_FEPS     2
Hold             : WNS  -273ps  TNS   -56822ps  NUM_FEPS   542

Flow Statistics  :
RUN-1001 : Flow Statistics:
RUN-1001 : ---------------------------------------------------------------------------------------------------
RUN-1001 :      command     |  #calls  |  wall time   |  cpu time(s)  |  used memory(mb)  |  peak memory(mb)  
RUN-1001 : ---------------------------------------------------------------------------------------------------
RUN-1001 :       place      |    1     |  2m10s(98%)  |   345(99%)    |       1309        |       1309        
RUN-1001 :     import_db    |    1     |    1s(0%)    |     0(0%)     |        576        |        576        
RUN-1001 :   import_device  |    1     |    1s(0%)    |     1(0%)     |        325        |        325        
RUN-1001 : ---------------------------------------------------------------------------------------------------
RUN-1001 :       total      |    3     |    2m12s     |      346      |       1309        |       1309        
RUN-1001 : ---------------------------------------------------------------------------------------------------
RUN-1002 : start command "report_clock_utilization -file place_clock_utilization.txt"
RUN-1002 : start command "export_db camera_to_dsi_display_place.db"
RUN-1001 : Exported flow parameters
RUN-1001 : Exported /
RUN-1001 : Exported libs
RUN-1001 : Exported entities
RUN-1001 : Exported ports
RUN-1001 : Exported pins
RUN-1001 : Exported instances
RUN-1001 : Exported nets
RUN-1001 : Exported buses
RUN-1001 : Exported models
RUN-1001 : Exported phy database
RUN-1001 : Exported packer
RUN-1001 : Exported congestions
RUN-1001 : Exported violations
RUN-1001 : Exported ATMR Setting
RUN-1001 : Exported timing constraints
RUN-1001 : Exported IO constraints
RUN-1001 : Exported Inst constraints
RUN-1001 : Exported ChipWatcher
RUN-1002 : start command "commit_param -step route"
RUN-1001 : Print Global Property
RUN-1001 : -------------------------------------------------------------
RUN-1001 :     Parameters    |   Settings   |  Default Values  |  Note  
RUN-1001 : -------------------------------------------------------------
RUN-1001 :    enable_seed    |     off      |       off        |        
RUN-1001 :    hfn_to_clock   |  1000000000  |    1000000000    |        
RUN-1001 :      message      |   standard   |     standard     |        
RUN-1001 :    qor_monitor    |      on      |        on        |        
RUN-1001 :   speedup_effort  |      0       |        0         |        
RUN-1001 :    syn_ip_flow    |     off      |       off        |        
RUN-1001 :       thread      |     auto     |       auto       |        
RUN-1001 : -------------------------------------------------------------
RUN-1001 : Print Route Property
RUN-1001 : ---------------------------------------------------------------
RUN-1001 :       Parameters      |  Settings  |  Default Values  |  Note  
RUN-1001 : ---------------------------------------------------------------
RUN-1001 :         effort        |   normal   |      normal      |        
RUN-1001 :        fix_hold       |     on     |        on        |        
RUN-1001 :   hold_fix_iteration  |     5      |        5         |        
RUN-1001 :     post_route_opt    |    auto    |       auto       |        
RUN-1001 :         timing        |     on     |        on        |        
RUN-1001 : ---------------------------------------------------------------
RUN-1002 : start command "route"
RUN-1001 : Open license file D:/Anlogic/license/Anlogic.lic
PHY-1001 : Reconnected 29 VDD pins with routing demanding
PHY-1001 : Populate physical database on model design_top_wrapper.
RUN-1001 : Dedicate pll clock connection statistics:
RUN-1001 : Clock Region s_1_l [0,40][23,79]; Utilization: 1 out of 12
RUN-1001 : ------------------------------------------------------------------------------------------------------------------------------------------------------------------------------------------------------------------------------------------------------
RUN-1001 :   Index  |                                         Leading Clock                                          |                                                               Special Sink                                                                
RUN-1001 : ------------------------------------------------------------------------------------------------------------------------------------------------------------------------------------------------------------------------------------------------------
RUN-1001 :     1    |  u_DDR_top/u_ph1p35_324_ddr_wrapper/u_ddr2/ph1p_ddrmc_wrapper/ph1p_ddrmc_top/u_alc_mc_top/clk  |  u_DDR_top/u_ph1p35_324_ddr_wrapper/u_ddr2/ph1p_ddrmc_wrapper/ph1p_ddrmc_top/u_ddr_phy/u_ddrphy_top/u_ddrphy_clk/u_pll1/u_pll_inst.fbclk  
RUN-1001 : ------------------------------------------------------------------------------------------------------------------------------------------------------------------------------------------------------------------------------------------------------
RUN-1001 : Clock Region s_1_r [24,40][43,79]; Utilization: 1 out of 12
RUN-1001 : -------------------------------------------------------------------------------------------------------------------------------------------------------------------------------------
RUN-1001 :   Index  |                                            Leading Clock                                            |                            Special Sink                             
RUN-1001 : -------------------------------------------------------------------------------------------------------------------------------------------------------------------------------------
RUN-1001 :     1    |  u_SC500CS_top/u_mipi_dphy_rx_ph1p_mipiio_wrapper/u_ph1p_mipiio_rx_wrapper/u_lane0_hs_detect/I_clk  |  u_PLL/ph1p_phy_pll_wrapper_25a56e5ce2f9_Inst/u_PH1P_PHY_PLL.fbclk  
RUN-1001 : -------------------------------------------------------------------------------------------------------------------------------------------------------------------------------------
PHY-1001 : Working orders of clock nets being processed in bank assignment:
PHY-1001 : u_DDR_top/u_ph1p35_324_ddr_wrapper/u_ddr2/ph1p_ddrmc_wrapper/ph1p_ddrmc_top/u_alc_mc_top/clk;
PHY-1001 : u_SC500CS_top/u_mipi_dphy_rx_ph1p_mipiio_wrapper/u_ph1p_mipiio_rx_wrapper/u_lane0_hs_detect/I_clk;
PHY-1001 : u_ISP_preprocess_top/u_isp_top/u_demosaic/raw_matrix_3x3_buffer_d/zhenghe_d/blk_mem_gen_zhenghe_d1/ram_d32970204f32_Inst/clkb;
PHY-1001 : u_display_top/u_hdmi_mixer/I_clk_syn_655;
PHY-1001 : O_cam_24m_syn_3;
PHY-1001 : I_sys_clk_syn_8;
PHY-1001 : u_display_top/u_hdmi_tx/u_hdmi2phy_wrapper/u0_lane_lvds_8_1/I_serial_clk_syn_1;
PHY-1001 : u_DDR_top/u_ph1p35_324_ddr_wrapper/u_ddr2/ph1p_ddrmc_wrapper/ph1p_ddrmc_top/u_ddr_phy/u_ddrphy_top/u_ddrphy/apb_pclk_syn_1;
PHY-1001 : u_SC500CS_top/u_uicfgcs500/u_i2c/scl_clk_syn_9;
PHY-1001 : Internal bound Intnl_0_0_25_40 is being created by clock u_DDR_top/u_ph1p35_324_ddr_wrapper/u_ddr2/usr_clk through SCLK.
PHY-1001 : Internal bound Intnl_25_0_23_40 is being created by clock MIPI_RX_BYTE_CLK through SCLK.
PHY-1001 : Internal bound Intnl_0_40_25_40 is being created by clock u_DDR_top/u_ph1p35_324_ddr_wrapper/u_ddr2/usr_clk through SCLK.
PHY-1001 : Internal bound Intnl_25_40_19_40 is being created by clock MIPI_RX_BYTE_CLK through SCLK.
RUN-1001 : Clock region assignment statistics:
RUN-1001 : Clock Region s_0_l [0,0][23,39]; Utilization: 7 out of 12
RUN-1001 : ---------------------------------------------------------------------------------------------------------------------------------------------------------------------------------------------------------------------------------------------------------------------------------------------------------------------------------------------------------
RUN-1001 :   Bank  |                                                          Leading Clock                                                          |       Type        |                                                                            Buffer                                                                             |  Regional Clock Fanouts  
RUN-1001 : ---------------------------------------------------------------------------------------------------------------------------------------------------------------------------------------------------------------------------------------------------------------------------------------------------------------------------------------------------------
RUN-1001 :    1    |                  u_DDR_top/u_ph1p35_324_ddr_wrapper/u_ddr2/ph1p_ddrmc_wrapper/ph1p_ddrmc_top/u_alc_mc_top/clk                   |  (infered sclk)   | u_DDR_top/u_ph1p35_324_ddr_wrapper/u_ddr2/ph1p_ddrmc_wrapper/ph1p_ddrmc_top/u_ddr_phy/u_ddrphy_top/u_ddrphy_clk/u_pll1/u_bufg_fbclk_auto_created_sclk_s_0...  |           2140           
RUN-1001 :    2    |  u_ISP_preprocess_top/u_isp_top/u_demosaic/raw_matrix_3x3_buffer_d/zhenghe_d/blk_mem_gen_zhenghe_d1/ram_d32970204f32_Inst/clkb  |  (infered sclk)   |                      u_SC500CS_top/u_mipi_dphy_rx_ph1p_mipiio_wrapper/u_ph1p_mipiio_rx_wrapper/bufg_feedback_auto_created_sclk_s_0_l_bk2                      |           546            
RUN-1001 :    3    |                                            u_display_top/u_hdmi_mixer/I_clk_syn_655                                             |  (infered sclk)   |                                         u_display_top/u_hdmi_mixer/I_clk_created_gclkinst_auto_created_sclk_s_0_l_bk3                                         |           219            
RUN-1001 :    4    |                                                         I_sys_clk_syn_8                                                         |  (infered sclk)   |                                                 I_sys_clk_dup_6_created_gclkinst_auto_created_sclk_s_0_l_bk4                                                  |            86            
RUN-1001 :    5    |                                                         O_cam_24m_syn_3                                                         |  (infered sclk)   |                                                 O_cam_24m_dup_1_created_gclkinst_auto_created_sclk_s_0_l_bk5                                                  |            72            
RUN-1001 :    6    |                                         u_SC500CS_top/u_uicfgcs500/u_i2c/scl_clk_syn_9                                          |  (infered sclk)   |                                     u_SC500CS_top/u_uicfgcs500/u_i2c/scl_clk_created_gclkinst_auto_created_sclk_s_0_l_bk6                                     |            17            
RUN-1001 :    7    |   u_DDR_top/u_ph1p35_324_ddr_wrapper/u_ddr2/ph1p_ddrmc_wrapper/ph1p_ddrmc_top/u_ddr_phy/u_ddrphy_top/u_ddrphy/apb_pclk_syn_1    |  (infered sclk)   | u_DDR_top/u_ph1p35_324_ddr_wrapper/u_ddr2/ph1p_ddrmc_wrapper/ph1p_ddrmc_top/u_ddr_phy/u_ddrphy_top/u_ddrphy/apb_pclk_created_gclkinst_auto_created_sclk_s...  |            4             
RUN-1001 : ---------------------------------------------------------------------------------------------------------------------------------------------------------------------------------------------------------------------------------------------------------------------------------------------------------------------------------------------------------
RUN-1001 : Clock Region s_0_r [24,0][47,39]; Utilization: 5 out of 12
RUN-1001 : ---------------------------------------------------------------------------------------------------------------------------------------------------------------------------------------------------------------------------------------------------------------------------------------------------------------------------------------------------------
RUN-1001 :   Bank  |                                                          Leading Clock                                                          |       Type        |                                                                            Buffer                                                                             |  Regional Clock Fanouts  
RUN-1001 : ---------------------------------------------------------------------------------------------------------------------------------------------------------------------------------------------------------------------------------------------------------------------------------------------------------------------------------------------------------
RUN-1001 :    1    |  u_ISP_preprocess_top/u_isp_top/u_demosaic/raw_matrix_3x3_buffer_d/zhenghe_d/blk_mem_gen_zhenghe_d1/ram_d32970204f32_Inst/clkb  |  (infered sclk)   |                      u_SC500CS_top/u_mipi_dphy_rx_ph1p_mipiio_wrapper/u_ph1p_mipiio_rx_wrapper/bufg_feedback_auto_created_sclk_s_0_r_bk1                      |           1187           
RUN-1001 :    2    |                                            u_display_top/u_hdmi_mixer/I_clk_syn_655                                             |  (infered sclk)   |                                         u_display_top/u_hdmi_mixer/I_clk_created_gclkinst_auto_created_sclk_s_0_r_bk2                                         |           322            
RUN-1001 :    3    |                u_SC500CS_top/u_mipi_dphy_rx_ph1p_mipiio_wrapper/u_ph1p_mipiio_rx_wrapper/u_lane0_hs_detect/I_clk                |  (infered sclk)   |                                                        u_PLL/bufg_feedback_auto_created_sclk_s_0_r_bk3                                                        |            7             
RUN-1001 :    4    |                  u_DDR_top/u_ph1p35_324_ddr_wrapper/u_ddr2/ph1p_ddrmc_wrapper/ph1p_ddrmc_top/u_alc_mc_top/clk                   |  (infered sclk)   | u_DDR_top/u_ph1p35_324_ddr_wrapper/u_ddr2/ph1p_ddrmc_wrapper/ph1p_ddrmc_top/u_ddr_phy/u_ddrphy_top/u_ddrphy_clk/u_pll1/u_bufg_fbclk_auto_created_sclk_s_0...  |            4             
RUN-1001 :    5    |                                                         O_cam_24m_syn_3                                                         |  (infered sclk)   |                                                 O_cam_24m_dup_1_created_gclkinst_auto_created_sclk_s_0_r_bk5                                                  |            1             
RUN-1001 : ---------------------------------------------------------------------------------------------------------------------------------------------------------------------------------------------------------------------------------------------------------------------------------------------------------------------------------------------------------
RUN-1001 : Clock Region s_1_l [0,40][23,79]; Utilization: 5 out of 12
RUN-1001 : ---------------------------------------------------------------------------------------------------------------------------------------------------------------------------------------------------------------------------------------------------------------------------------------------------------------------------------------------------------
RUN-1001 :   Bank  |                                                          Leading Clock                                                          |       Type        |                                                                            Buffer                                                                             |  Regional Clock Fanouts  
RUN-1001 : ---------------------------------------------------------------------------------------------------------------------------------------------------------------------------------------------------------------------------------------------------------------------------------------------------------------------------------------------------------
RUN-1001 :    1    |                  u_DDR_top/u_ph1p35_324_ddr_wrapper/u_ddr2/ph1p_ddrmc_wrapper/ph1p_ddrmc_top/u_alc_mc_top/clk                   |  (infered sclk)   | u_DDR_top/u_ph1p35_324_ddr_wrapper/u_ddr2/ph1p_ddrmc_wrapper/ph1p_ddrmc_top/u_ddr_phy/u_ddrphy_top/u_ddrphy_clk/u_pll1/u_bufg_fbclk_auto_created_sclk_s_1...  |            51            
RUN-1001 :    2    |  u_ISP_preprocess_top/u_isp_top/u_demosaic/raw_matrix_3x3_buffer_d/zhenghe_d/blk_mem_gen_zhenghe_d1/ram_d32970204f32_Inst/clkb  |  (infered sclk)   |                      u_SC500CS_top/u_mipi_dphy_rx_ph1p_mipiio_wrapper/u_ph1p_mipiio_rx_wrapper/bufg_feedback_auto_created_sclk_s_1_l_bk2                      |           1734           
RUN-1001 :    3    |                                            u_display_top/u_hdmi_mixer/I_clk_syn_655                                             |  (infered sclk)   |                                         u_display_top/u_hdmi_mixer/I_clk_created_gclkinst_auto_created_sclk_s_1_l_bk3                                         |           167            
RUN-1001 :    4    |   u_DDR_top/u_ph1p35_324_ddr_wrapper/u_ddr2/ph1p_ddrmc_wrapper/ph1p_ddrmc_top/u_ddr_phy/u_ddrphy_top/u_ddrphy/apb_pclk_syn_1    |  (infered sclk)   | u_DDR_top/u_ph1p35_324_ddr_wrapper/u_ddr2/ph1p_ddrmc_wrapper/ph1p_ddrmc_top/u_ddr_phy/u_ddrphy_top/u_ddrphy/apb_pclk_created_gclkinst_auto_created_sclk_s...  |            23            
RUN-1001 :    5    |                                                         O_cam_24m_syn_3                                                         |  (infered sclk)   |                                                 O_cam_24m_dup_1_created_gclkinst_auto_created_sclk_s_1_l_bk5                                                  |            13            
RUN-1001 : ---------------------------------------------------------------------------------------------------------------------------------------------------------------------------------------------------------------------------------------------------------------------------------------------------------------------------------------------------------
RUN-1001 : Clock Region s_1_r [24,40][43,79]; Utilization: 5 out of 12
RUN-1001 : -------------------------------------------------------------------------------------------------------------------------------------------------------------------------------------------------------------------------------------------------------------------------------------------------------------------
RUN-1001 :   Bank  |                                                          Leading Clock                                                          |       Type        |                                                         Buffer                                                          |  Regional Clock Fanouts  
RUN-1001 : -------------------------------------------------------------------------------------------------------------------------------------------------------------------------------------------------------------------------------------------------------------------------------------------------------------------
RUN-1001 :    1    |                u_SC500CS_top/u_mipi_dphy_rx_ph1p_mipiio_wrapper/u_ph1p_mipiio_rx_wrapper/u_lane0_hs_detect/I_clk                |  (infered sclk)   |                                     u_PLL/bufg_feedback_auto_created_sclk_s_1_r_bk1                                     |            1             
RUN-1001 :    2    |  u_ISP_preprocess_top/u_isp_top/u_demosaic/raw_matrix_3x3_buffer_d/zhenghe_d/blk_mem_gen_zhenghe_d1/ram_d32970204f32_Inst/clkb  |  (infered sclk)   |   u_SC500CS_top/u_mipi_dphy_rx_ph1p_mipiio_wrapper/u_ph1p_mipiio_rx_wrapper/bufg_feedback_auto_created_sclk_s_1_r_bk2   |           1196           
RUN-1001 :    3    |                                            u_display_top/u_hdmi_mixer/I_clk_syn_655                                             |  (infered sclk)   |                      u_display_top/u_hdmi_mixer/I_clk_created_gclkinst_auto_created_sclk_s_1_r_bk3                      |           516            
RUN-1001 :    4    |                         u_display_top/u_hdmi_tx/u_hdmi2phy_wrapper/u0_lane_lvds_8_1/I_serial_clk_syn_1                          |  (infered sclk)   |  u_display_top/u_hdmi_tx/u_hdmi2phy_wrapper/u0_lane_lvds_8_1/I_serial_clk_created_gclkinst_auto_created_sclk_s_1_r_bk4  |            35            
RUN-1001 :    5    |                                                         O_cam_24m_syn_3                                                         |  (infered sclk)   |                              O_cam_24m_dup_1_created_gclkinst_auto_created_sclk_s_1_r_bk5                               |            15            
RUN-1001 : -------------------------------------------------------------------------------------------------------------------------------------------------------------------------------------------------------------------------------------------------------------------------------------------------------------------
PHY-1001 : Populate physical database on model design_top_wrapper.
PHY-1001 : Route runs in 32 thread(s)
RUN-1001 : There are total 16075 instances
RUN-1001 : 680 mslices, 14766 lslices, 61 pads, 41 brams, 12 dsps
RUN-1001 : There are total 35246 nets
RUN-1001 : 22464 nets have 2 pins
RUN-1001 : 9652 nets have [3 - 5] pins
RUN-1001 : 2131 nets have [6 - 10] pins
RUN-1001 : 575 nets have [11 - 20] pins
RUN-1001 : 375 nets have [21 - 99] pins
RUN-1001 : 49 nets have 100+ pins
RUN-1002 : start command "start_timer"
RUN-1003 : finish command "start_timer" in  2.489479s wall, 2.484375s user + 0.015625s system = 2.500000s CPU (100.4%)

RUN-1004 : used memory is 1331 MB, reserved memory is 1412 MB, peak memory is 1331 MB
PHY-1001 : 680 mslices, 14766 lslices, 61 pads, 41 brams, 12 dsps

PHY-1001 : Stage 1 | Global Routing
PHY-1001 : Start global routing, caller is route ...
RUN-1001 : Generating global routing grids ...
PHY-1001 : Generate routing nets ...
RUN-1001 : Generate nets statistics:
RUN-1001 : ----------------------------
RUN-1001 :        Type       |  Nets   
RUN-1001 : ----------------------------
RUN-1001 :   TotalRouteNets  |  24959  
RUN-1001 :   DontRouteNets   |  5585   
RUN-1001 :     RouteNets     |  19374  
RUN-1001 :     RouteSinks    |  38801  
RUN-1001 : ----------------------------
PHY-1001 : Global iterations in 32 thread ...
PHY-1002 : len = 1.71882e+06, over cnt = 2149(3%), over = 4403, worst = 9
PHY-1002 : len = 1.76555e+06, over cnt = 1381(1%), over = 2353, worst = 9
PHY-1002 : len = 1.81038e+06, over cnt = 409(0%), over = 665, worst = 9
PHY-1002 : len = 1.8304e+06, over cnt = 6(0%), over = 6, worst = 1
PHY-1002 : len = 1.83058e+06, over cnt = 0(0%), over = 0, worst = 0
PHY-1001 : End global iterations;  1.494347s wall, 2.203125s user + 0.015625s system = 2.218750s CPU (148.5%)

PHY-1001 : Congestion index:
PHY-1001 : top1  = 76.44(S 54.79, N 63.17, E 72.94, W 69.98, I 71.82, O 78.45)
PHY-1001 : top5  = 65.51(S 43.82, N 51.68, E 58.08, W 58.25, I 57.54, O 60.06)
PHY-1001 : top10 = 60.25(S 38.05, N 45.77, E 50.39, W 52.03, I 51.57, O 54.06)
PHY-1001 : top15 = 56.68(S 34.37, N 41.94, E 45.57, W 47.70, I 48.12, O 50.13)
PHY-1001 : End global routing;  1.833670s wall, 2.546875s user + 0.015625s system = 2.562500s CPU (139.7%)

PHY-1001 : End Stage 1 | Global Routing; Time: 1.833733s wall, 2.546875s user + 0.015625s system = 2.562500s CPU (139.7%); Memory(MB): used = 1340, reserved = 1413, peak = 1340;

PHY-1001 : Stage 2 | Detail Routing
PHY-1001 : Stage 2.1 | Build Routing Design
PHY-1001 : Routing in high effort: false
PHY-1001 : Routing Mode: normal
PHY-1001 : Generate detailed routing grids ...
RUN-1001 : Constructing routing connections ...
PHY-1001 : End build routing graph; 1.990632s wall, 15.359375s user + 0.140625s system = 15.500000s CPU (778.6%)

PHY-1001 : Generate nets ...
RUN-1001 : Generate nets statistics:
RUN-1001 : ------------------------------
RUN-1001 :         Type        |  Nets   
RUN-1001 : ------------------------------
RUN-1001 :        Route        |  25304  
RUN-1001 :      DontRoute      |  9942   
RUN-1001 :      RouteSinks     |  82961  
RUN-1001 :   RouteEntitySinks  |    0    
RUN-1001 :       Lut2Dff       |    0    
RUN-1001 :       Ram2Dff       |    0    
RUN-1001 :      Carry2Dff      |    0    
RUN-1001 : ------------------------------
RUN-1001 : DR clock net summary:
RUN-1001 : -------------------------------------------------------------------------------------------------------------------------------------------------------------
RUN-1001 :   Net Idx  |                                                             Net Name                                                             |  Clock Type  
RUN-1001 : -------------------------------------------------------------------------------------------------------------------------------------------------------------
RUN-1001 :      1     |                                                         I_sys_clk_dup_6                                                          |    Normal    
RUN-1001 :      2     |                                                         I_sys_clk_syn_8                                                          |    Normal    
RUN-1001 :      3     |                                                         O_cam_24m_dup_1                                                          |    Normal    
RUN-1001 :      4     |                                                         O_cam_24m_syn_3                                                          |    Normal    
RUN-1001 :      5     |                   u_DDR_top/u_ph1p35_324_ddr_wrapper/u_ddr2/ph1p_ddrmc_wrapper/ph1p_ddrmc_top/u_alc_mc_top/clk                   |    Normal    
RUN-1001 :      6     |       u_DDR_top/u_ph1p35_324_ddr_wrapper/u_ddr2/ph1p_ddrmc_wrapper/ph1p_ddrmc_top/u_ddr_phy/u_ddrphy_top/u_ddrphy/apb_pclk       |    Normal    
RUN-1001 :      7     |    u_DDR_top/u_ph1p35_324_ddr_wrapper/u_ddr2/ph1p_ddrmc_wrapper/ph1p_ddrmc_top/u_ddr_phy/u_ddrphy_top/u_ddrphy/apb_pclk_syn_1    |    Normal    
RUN-1001 :      8     |      u_DDR_top/u_ph1p35_324_ddr_wrapper/u_ddr2/ph1p_ddrmc_wrapper/ph1p_ddrmc_top/u_ddr_phy/u_ddrphy_top/u_ddrphy/ctl_clk[0]      |    Normal    
RUN-1001 :      9     |      u_DDR_top/u_ph1p35_324_ddr_wrapper/u_ddr2/ph1p_ddrmc_wrapper/ph1p_ddrmc_top/u_ddr_phy/u_ddrphy_top/u_ddrphy/ctl_clk[1]      |    Normal    
RUN-1001 :     10     |      u_DDR_top/u_ph1p35_324_ddr_wrapper/u_ddr2/ph1p_ddrmc_wrapper/ph1p_ddrmc_top/u_ddr_phy/u_ddrphy_top/u_ddrphy/ddr_clk[0]      |    Normal    
RUN-1001 :     11     |      u_DDR_top/u_ph1p35_324_ddr_wrapper/u_ddr2/ph1p_ddrmc_wrapper/ph1p_ddrmc_top/u_ddr_phy/u_ddrphy_top/u_ddrphy/ddr_clk[1]      |    Normal    
RUN-1001 :     12     |    u_DDR_top/u_ph1p35_324_ddr_wrapper/u_ddr2/ph1p_ddrmc_wrapper/ph1p_ddrmc_top/u_ddr_phy/u_ddrphy_top/u_ddrphy_clk/pll0_clk_1    |    Normal    
RUN-1001 :     13     |    u_DDR_top/u_ph1p35_324_ddr_wrapper/u_ddr2/ph1p_ddrmc_wrapper/ph1p_ddrmc_top/u_ddr_phy/u_ddrphy_top/u_ddrphy_clk/pll0_clk_2    |    Normal    
RUN-1001 :     14     |   u_DDR_top/u_ph1p35_324_ddr_wrapper/u_ddr2/ph1p_ddrmc_wrapper/ph1p_ddrmc_top/u_ddr_phy/u_ddrphy_top/u_ddrphy_clk/pll0_mlclk_1   |    Normal    
RUN-1001 :     15     |   u_DDR_top/u_ph1p35_324_ddr_wrapper/u_ddr2/ph1p_ddrmc_wrapper/ph1p_ddrmc_top/u_ddr_phy/u_ddrphy_top/u_ddrphy_clk/pll0_mlclk_2   |    Normal    
RUN-1001 :     16     |  u_DDR_top/u_ph1p35_324_ddr_wrapper/u_ddr2/ph1p_ddrmc_wrapper/ph1p_ddrmc_top/u_ddr_phy/u_ddrphy_top/u_ddrphy_clk/u_pll1/clkc[0]  |    Normal    
RUN-1001 :     17     |  u_DDR_top/u_ph1p35_324_ddr_wrapper/u_ddr2/ph1p_ddrmc_wrapper/ph1p_ddrmc_top/u_ddr_phy/u_ddrphy_top/u_ddrphy_clk/u_pll1/refclk   |    Normal    
RUN-1001 :     18     |  u_ISP_preprocess_top/u_isp_top/u_demosaic/raw_matrix_3x3_buffer_d/zhenghe_d/blk_mem_gen_zhenghe_d1/ram_d32970204f32_Inst/clkb   |    Normal    
RUN-1001 :     19     |                                                          u_PLL/clk0_buf                                                          |    Normal    
RUN-1001 :     20     |                   u_SC500CS_top/u_mipi_dphy_rx_ph1p_mipiio_wrapper/u_ph1p_mipiio_rx_wrapper/S_mipiio_hs_rx_clk                   |    Normal    
RUN-1001 :     21     |                u_SC500CS_top/u_mipi_dphy_rx_ph1p_mipiio_wrapper/u_ph1p_mipiio_rx_wrapper/u_lane0_hs_detect/I_clk                 |    Normal    
RUN-1001 :     22     |                                             u_SC500CS_top/u_uicfgcs500/u_i2c/scl_clk                                             |    Normal    
RUN-1001 :     23     |                                          u_SC500CS_top/u_uicfgcs500/u_i2c/scl_clk_syn_9                                          |    Normal    
RUN-1001 :     24     |                                                 u_display_top/u_hdmi_mixer/I_clk                                                 |    Normal    
RUN-1001 :     25     |                                             u_display_top/u_hdmi_mixer/I_clk_syn_655                                             |    Normal    
RUN-1001 :     26     |                             u_display_top/u_hdmi_tx/u_hdmi2phy_wrapper/u0_lane_lvds_8_1/I_serial_clk                             |    Normal    
RUN-1001 :     27     |                          u_display_top/u_hdmi_tx/u_hdmi2phy_wrapper/u0_lane_lvds_8_1/I_serial_clk_syn_1                          |    Normal    
RUN-1001 : -------------------------------------------------------------------------------------------------------------------------------------------------------------
RUN-1001 : DR clock buffer summary:
RUN-1001 : -----------------------------------------------------------------------------------------------------------------------------------------------------------------------
RUN-1001 :   Idx  |                                                                             Name                                                                              
RUN-1001 : -----------------------------------------------------------------------------------------------------------------------------------------------------------------------
RUN-1001 :    1   | u_DDR_top/u_ph1p35_324_ddr_wrapper/u_ddr2/ph1p_ddrmc_wrapper/ph1p_ddrmc_top/u_ddr_phy/u_ddrphy_top/u_ddrphy_clk/u_pll1/u_bufg_fbclk_auto_created_sclk_s_0...  
RUN-1001 :    2   |                      u_SC500CS_top/u_mipi_dphy_rx_ph1p_mipiio_wrapper/u_ph1p_mipiio_rx_wrapper/bufg_feedback_auto_created_sclk_s_0_l_bk2                      
RUN-1001 :    3   |                                         u_display_top/u_hdmi_mixer/I_clk_created_gclkinst_auto_created_sclk_s_0_l_bk3                                         
RUN-1001 :    4   |                                                 I_sys_clk_dup_6_created_gclkinst_auto_created_sclk_s_0_l_bk4                                                  
RUN-1001 :    5   |                                                 O_cam_24m_dup_1_created_gclkinst_auto_created_sclk_s_0_l_bk5                                                  
RUN-1001 :    6   |                                     u_SC500CS_top/u_uicfgcs500/u_i2c/scl_clk_created_gclkinst_auto_created_sclk_s_0_l_bk6                                     
RUN-1001 :    7   | u_DDR_top/u_ph1p35_324_ddr_wrapper/u_ddr2/ph1p_ddrmc_wrapper/ph1p_ddrmc_top/u_ddr_phy/u_ddrphy_top/u_ddrphy/apb_pclk_created_gclkinst_auto_created_sclk_s...  
RUN-1001 :    8   |                      u_SC500CS_top/u_mipi_dphy_rx_ph1p_mipiio_wrapper/u_ph1p_mipiio_rx_wrapper/bufg_feedback_auto_created_sclk_s_0_r_bk1                      
RUN-1001 :    9   |                                         u_display_top/u_hdmi_mixer/I_clk_created_gclkinst_auto_created_sclk_s_0_r_bk2                                         
RUN-1001 :   10   |                                                        u_PLL/bufg_feedback_auto_created_sclk_s_0_r_bk3                                                        
RUN-1001 :   11   | u_DDR_top/u_ph1p35_324_ddr_wrapper/u_ddr2/ph1p_ddrmc_wrapper/ph1p_ddrmc_top/u_ddr_phy/u_ddrphy_top/u_ddrphy_clk/u_pll1/u_bufg_fbclk_auto_created_sclk_s_0...  
RUN-1001 :   12   |                                                 O_cam_24m_dup_1_created_gclkinst_auto_created_sclk_s_0_r_bk5                                                  
RUN-1001 :   13   | u_DDR_top/u_ph1p35_324_ddr_wrapper/u_ddr2/ph1p_ddrmc_wrapper/ph1p_ddrmc_top/u_ddr_phy/u_ddrphy_top/u_ddrphy_clk/u_pll1/u_bufg_fbclk_auto_created_sclk_s_1...  
RUN-1001 :   14   |                      u_SC500CS_top/u_mipi_dphy_rx_ph1p_mipiio_wrapper/u_ph1p_mipiio_rx_wrapper/bufg_feedback_auto_created_sclk_s_1_l_bk2                      
RUN-1001 :   15   |                                         u_display_top/u_hdmi_mixer/I_clk_created_gclkinst_auto_created_sclk_s_1_l_bk3                                         
RUN-1001 :   16   | u_DDR_top/u_ph1p35_324_ddr_wrapper/u_ddr2/ph1p_ddrmc_wrapper/ph1p_ddrmc_top/u_ddr_phy/u_ddrphy_top/u_ddrphy/apb_pclk_created_gclkinst_auto_created_sclk_s...  
RUN-1001 :   17   |                                                 O_cam_24m_dup_1_created_gclkinst_auto_created_sclk_s_1_l_bk5                                                  
RUN-1001 :   18   |                                                        u_PLL/bufg_feedback_auto_created_sclk_s_1_r_bk1                                                        
RUN-1001 :   19   |                      u_SC500CS_top/u_mipi_dphy_rx_ph1p_mipiio_wrapper/u_ph1p_mipiio_rx_wrapper/bufg_feedback_auto_created_sclk_s_1_r_bk2                      
RUN-1001 :   20   |                                         u_display_top/u_hdmi_mixer/I_clk_created_gclkinst_auto_created_sclk_s_1_r_bk3                                         
RUN-1001 :   21   |                     u_display_top/u_hdmi_tx/u_hdmi2phy_wrapper/u0_lane_lvds_8_1/I_serial_clk_created_gclkinst_auto_created_sclk_s_1_r_bk4                     
RUN-1001 :   22   |                                                 O_cam_24m_dup_1_created_gclkinst_auto_created_sclk_s_1_r_bk5                                                  
RUN-1001 : -----------------------------------------------------------------------------------------------------------------------------------------------------------------------
PHY-1001 : End Stage 2.1 | Build Routing Design; Time: 2.415222s wall, 15.765625s user + 0.156250s system = 15.921875s CPU (659.2%); Memory(MB): used = 1663, reserved = 1655, peak = 1663;

RUN-1001 : Top Percentage Crit. Net Stat.
RUN-1001 : -------------------------------------------------------
RUN-1001 :   Top %  |  Net Count  |  Avg. Fanout  |  Avg. Slack   
RUN-1001 : -------------------------------------------------------
RUN-1001 :     1    |     352     |   6.079545    |  1273.250000  
RUN-1001 :     2    |     704     |   5.605114    |  1437.515625  
RUN-1001 :     3    |    1057     |   5.169347    |  1554.403027  
RUN-1001 :     4    |    1409     |   4.699787    |  1655.429383  
RUN-1001 :     5    |    1762     |   4.539160    |  1752.042565  
RUN-1001 :     6    |    2114     |   4.407758    |  1853.440397  
RUN-1001 :     7    |    2467     |   4.098906    |  1959.028375  
RUN-1001 :     8    |    2819     |   4.354026    |  2091.569706  
RUN-1001 :     9    |    3172     |   4.708071    |  2549.245902  
RUN-1001 :    10    |    3524     |   4.562713    |  3127.365210  
RUN-1001 : -------------------------------------------------------
PHY-1001 : Stage 2.2 | Tile Base Routing
PHY-1001 : 162 nets need to preroute.
PHY-1001 : len = 0, over cnt = 0(0%), over = 0, worst = 0, crit = 0
PHY-1001 : End Stage 2.2 | Tile Base Routing; Time: 0.150198s wall, 3.171875s user + 0.015625s system = 3.187500s CPU (2122.2%); Memory(MB): used = 1666, reserved = 1657, peak = 1666;

PHY-1001 : Stage 2.3 | Clock Nets Routing
PHY-1001 : Routed 0% nets.
PHY-1001 : len = 414944, over cnt = 0(0%), over = 0, worst = 0, crit = 0
PHY-1001 : End Stage 2.3 | Clock Nets Routing; Time: 0.622271s wall, 0.625000s user + 0.000000s system = 0.625000s CPU (100.4%); Memory(MB): used = 1697, reserved = 1688, peak = 1697;

PHY-1001 : Stage 2.4 | Routing Initialization
PHY-1001 : Mark 1% net(place mode slack < 1487ps) as critical nets.
PHY-1001 : Stage 2.4.1 | Normal Nets Routing
PHY-1001 : Routed 66% nets.
PHY-1001 : len = 3.10528e+06, over cnt = 14576(0%), over = 15520, worst = 4, crit = 0
PHY-1001 : End Stage 2.4.1 | Normal Nets Routing; Time: 6.451100s wall, 13.968750s user + 0.156250s system = 14.125000s CPU (219.0%); Memory(MB): used = 1750, reserved = 1741, peak = 1750;

PHY-1001 : Stage 2.4.2 | Update Timing
RUN-1002 : start command "start_timer"
USR-1002 : Derived clock:  create_generated_clock -name {u_DDR_top/u_ph1p35_324_ddr_wrapper/u_ddr2/ph1p_ddrmc_wrapper/ph1p_ddrmc_top/u_ddr_phy/u_ddrphy_top/u_ddrphy_clk/u_pll0/u_pll_inst.clkc[0]} -source [get_ports {I_sys_clk}] -master_clock {sys_clk_50m} -multiply_by 1.3333 -duty_cycle 50.0000 [get_pins {u_DDR_top/u_ph1p35_324_ddr_wrapper/u_ddr2/ph1p_ddrmc_wrapper/ph1p_ddrmc_top/u_ddr_phy/u_ddrphy_top/u_ddrphy_clk/u_pll0/u_pll_inst.clkc[0]}]
USR-1002 : Derived clock:  create_generated_clock -name {u_DDR_top/u_ph1p35_324_ddr_wrapper/u_ddr2/ph1p_ddrmc_wrapper/ph1p_ddrmc_top/u_ddr_phy/u_ddrphy_top/u_ddrphy_clk/u_pll0/u_pll_inst.clkc[1]} -source [get_ports {I_sys_clk}] -master_clock {sys_clk_50m} -multiply_by 1.3333 -duty_cycle 50.0000 [get_pins {u_DDR_top/u_ph1p35_324_ddr_wrapper/u_ddr2/ph1p_ddrmc_wrapper/ph1p_ddrmc_top/u_ddr_phy/u_ddrphy_top/u_ddrphy_clk/u_pll0/u_pll_inst.clkc[1]}]
USR-1002 : Derived clock:  create_generated_clock -name {u_DDR_top/u_ph1p35_324_ddr_wrapper/u_ddr2/ph1p_ddrmc_wrapper/ph1p_ddrmc_top/u_ddr_phy/u_ddrphy_top/u_ddrphy_clk/u_pll0/u_pll_inst.clkc[2]} -source [get_ports {I_sys_clk}] -master_clock {sys_clk_50m} -multiply_by 5.3333 -duty_cycle 50.0000 [get_pins {u_DDR_top/u_ph1p35_324_ddr_wrapper/u_ddr2/ph1p_ddrmc_wrapper/ph1p_ddrmc_top/u_ddr_phy/u_ddrphy_top/u_ddrphy_clk/u_pll0/u_pll_inst.clkc[2]}]
USR-1002 : Derived clock:  create_generated_clock -name {u_DDR_top/u_ph1p35_324_ddr_wrapper/u_ddr2/ph1p_ddrmc_wrapper/ph1p_ddrmc_top/u_ddr_phy/u_ddrphy_top/u_ddrphy_clk/u_pll0/u_pll_inst.clkc[3]} -source [get_ports {I_sys_clk}] -master_clock {sys_clk_50m} -divide_by 1.9687 -duty_cycle 50.0000 [get_pins {u_DDR_top/u_ph1p35_324_ddr_wrapper/u_ddr2/ph1p_ddrmc_wrapper/ph1p_ddrmc_top/u_ddr_phy/u_ddrphy_top/u_ddrphy_clk/u_pll0/u_pll_inst.clkc[3]}]
USR-1002 : Derived clock:  create_generated_clock -name {u_PLL/ph1p_phy_pll_wrapper_25a56e5ce2f9_Inst/u_PH1P_PHY_PLL.clkc[0]} -source [get_ports {I_sys_clk}] -master_clock {sys_clk_50m} -multiply_by 2.0000 -duty_cycle 50.0000 [get_pins {u_PLL/ph1p_phy_pll_wrapper_25a56e5ce2f9_Inst/u_PH1P_PHY_PLL.clkc[0]}]
USR-1002 : Derived clock:  create_generated_clock -name {u_PLL/ph1p_phy_pll_wrapper_25a56e5ce2f9_Inst/u_PH1P_PHY_PLL.clkc[1]} -source [get_ports {I_sys_clk}] -master_clock {sys_clk_50m} -divide_by 2.1000 -duty_cycle 50.0000 [get_pins {u_PLL/ph1p_phy_pll_wrapper_25a56e5ce2f9_Inst/u_PH1P_PHY_PLL.clkc[1]}]
USR-1002 : Derived clock:  create_generated_clock -name {u_PLL/ph1p_phy_pll_wrapper_25a56e5ce2f9_Inst/u_PH1P_PHY_PLL.clkc[4]} -source [get_ports {I_sys_clk}] -master_clock {sys_clk_50m} -multiply_by 1.5000 -duty_cycle 50.0000 [get_pins {u_PLL/ph1p_phy_pll_wrapper_25a56e5ce2f9_Inst/u_PH1P_PHY_PLL.clkc[4]}]
USR-1002 : Derived clock:  create_generated_clock -name {u_PLL/ph1p_phy_pll_wrapper_25a56e5ce2f9_Inst/u_PH1P_PHY_PLL.clkc[5]} -source [get_ports {I_sys_clk}] -master_clock {sys_clk_50m} -multiply_by 7.5000 -duty_cycle 50.0000 [get_pins {u_PLL/ph1p_phy_pll_wrapper_25a56e5ce2f9_Inst/u_PH1P_PHY_PLL.clkc[5]}]
USR-1002 : Derived clock:  create_generated_clock -name {u_DDR_top/u_ph1p35_324_ddr_wrapper/u_ddr2/ph1p_ddrmc_wrapper/ph1p_ddrmc_top/u_ddr_phy/u_ddrphy_top/u_ddrphy_clk/u_pll1/u_pll_inst.clkc[0]} -source [get_pins {u_DDR_top/u_ph1p35_324_ddr_wrapper/u_ddr2/ph1p_ddrmc_wrapper/ph1p_ddrmc_top/u_ddr_phy/u_ddrphy_top/u_ddrphy_clk/u_pll0/u_pll_inst.clkc[0]}] -master_clock {u_DDR_top/u_ph1p35_324_ddr_wrapper/u_ddr2/ph1p_ddrmc_wrapper/ph1p_ddrmc_top/u_ddr_phy/u_ddrphy_top/u_ddrphy_clk/u_pll0/u_pll_inst.clkc[0]} -multiply_by 1.0000 -duty_cycle 50.0000 [get_pins {u_DDR_top/u_ph1p35_324_ddr_wrapper/u_ddr2/ph1p_ddrmc_wrapper/ph1p_ddrmc_top/u_ddr_phy/u_ddrphy_top/u_ddrphy_clk/u_pll1/u_pll_inst.clkc[0]}]
16.668000
15.000000
15.000000
13.333000
RUN-1003 : finish command "start_timer" in  1.863824s wall, 1.843750s user + 0.015625s system = 1.859375s CPU (99.8%)

RUN-1004 : used memory is 1752 MB, reserved memory is 1743 MB, peak memory is 1752 MB
TMR-2502 : Net delay update with mode: Routed
PHY-1001 : 235/24959(0%) critical/total net(s).
PHY-1001 : Setup: WNS(ns) = -0.939, TNS(ns) = -8.156, FEP = 20 | Hold: WNS(ns) = -0.163, TNS(ns) = -10.973, FEP = 239.
PHY-1001 : End Stage 2.4.2 | Update Timing; Time: 5.010936s wall, 5.000000s user + 0.015625s system = 5.015625s CPU (100.1%); Memory(MB): used = 1871, reserved = 1862, peak = 1871;

PHY-1001 : Stage 2.4.3 | Deskew Clock Tree
RUN-1001 : Deskew Summary
RUN-1001 : -----------------------------------------------------------------------------------------------------------------------------------------------
RUN-1001 :                                                        Clock                                                        |  Pre-Skew  |  Post-Skew  
RUN-1001 : -----------------------------------------------------------------------------------------------------------------------------------------------
RUN-1001 :                                                    mipi_rx_ck_pad                                                   |     32     |     32      
RUN-1001 :   u_SC500CS_top/u_mipi_dphy_rx_ph1p_mipiio_wrapper/u_ph1p_mipiio_rx_wrapper/u_PH1P_LOGIC_DPHY_MIPI_RX.io_clk_pad_p  |     32     |     32      
RUN-1001 :                                                     pll_clk_100m                                                    |     20     |     20      
RUN-1001 :                                                    HDMI_PIXEL_CLK                                                   |     15     |     15      
RUN-1001 :                                  u_DDR_top/u_ph1p35_324_ddr_wrapper/u_ddr2/usr_clk                                  |     15     |     15      
RUN-1001 :                                                   MIPI_RX_BYTE_CLK                                                  |     32     |     32      
RUN-1001 :                                  u_DDR_top/u_ph1p35_324_ddr_wrapper/u_ddr2/mcu_clk                                  |     12     |     12      
RUN-1001 :                                                     pll_clk_24m                                                     |     16     |     16      
RUN-1001 : -----------------------------------------------------------------------------------------------------------------------------------------------
PHY-1001 : 235/24959(0%) critical/total net(s).
PHY-1001 : Setup: WNS(ns) = -0.939, TNS(ns) = -8.156, FEP = 20 | Hold: WNS(ns) = -0.163, TNS(ns) = -10.973, FEP = 239.
PHY-1001 : End Stage 2.4.3 | Deskew Clock Tree; Time: 3.108911s wall, 3.062500s user + 0.031250s system = 3.093750s CPU (99.5%); Memory(MB): used = 1910, reserved = 1902, peak = 1910;

PHY-1001 : End Stage 2.4 | Routing Initialization; Time: 14.644226s wall, 22.093750s user + 0.203125s system = 22.296875s CPU (152.3%); Memory(MB): used = 1910, reserved = 1902, peak = 1910;

PHY-1001 : Stage 2.5 | Routing Optimization
PHY-1001 : Build lut bridge;  0.099382s wall, 0.093750s user + 0.000000s system = 0.093750s CPU (94.3%)

PHY-1001 : Stage 2.5.1 | Phase 1
PHY-1001 : Stage 2.5.1.1 | Hold TimeOptimization
PHY-1001 : Iter 0; Processed 320 pins with HWNS -0.112ns HTNS -2.207ns FEP 64 took 0.51055 seconds.
PHY-1001 : Iter 1; Processed 393 pins with HWNS 0.013ns HTNS 0.000ns FEP 0 took 0.449398 seconds.
PHY-1001 : len = 3.13522e+06, over cnt = 14489(0%), over = 15441, worst = 4, crit = 0
PHY-1001 : End Stage 2.5.1.1 | Hold TimeOptimization; Time: 1.034720s wall, 1.031250s user + 0.000000s system = 1.031250s CPU (99.7%); Memory(MB): used = 1911, reserved = 1903, peak = 1911;

PHY-1001 : Stage 2.5.1.2 | High Fanout Nets Optimization
PHY-1001 : High fanout net optimize summary:
PHY-1001 : Process 2 nets and 2 pins with SWNS -0.451ns STNS -3.317ns FEP 14.
PHY-1001 : len = 3.13526e+06, over cnt = 14492(0%), over = 15444, worst = 4, crit = 0
PHY-1001 : End Stage 2.5.1.2 | High Fanout Nets Optimization; Time: 0.343692s wall, 0.796875s user + 0.000000s system = 0.796875s CPU (231.9%); Memory(MB): used = 1911, reserved = 1903, peak = 1911;

PHY-1001 : Stage 2.5.1.3 | Setup TimeOptimization
PHY-1001 : Start to optimize setup violation with net base ...
PHY-1001 : Iter 1; Processed 17 pins with SWNS -0.330ns STNS -0.647ns FEP 2 took 1.09198 seconds.
PHY-1001 : len = 3.13635e+06, over cnt = 14504(0%), over = 15456, worst = 4, crit = 0
PHY-1001 : End Stage 2.5.1.3 | Setup TimeOptimization; Time: 1.313564s wall, 2.265625s user + 0.000000s system = 2.265625s CPU (172.5%); Memory(MB): used = 1911, reserved = 1903, peak = 1911;

PHY-1001 : Stage 2.5.1.4 | Rip-up And ReRoute
PHY-0007 : Congestion: {81.17, 71.47, 66.52, 63.40}; Timing: {-0.330ns, -0.647ns, 2}
PHY-1001 : Iter 1: len = 3.23256e+06, over cnt = 7544(0%), over = 7791, worst = 3, crit = 0, time(s) = 3.85
PHY-1001 : Iter 2: len = 3.2621e+06, over cnt = 4533(0%), over = 4596, worst = 3, crit = 0, time(s) = 2.20
PHY-1001 : Iter 3: len = 3.27008e+06, over cnt = 3284(0%), over = 3301, worst = 3, crit = 0, time(s) = 1.74
PHY-1001 : Iter 4: len = 3.31781e+06, over cnt = 1567(0%), over = 1568, worst = 2, crit = 0, time(s) = 1.72
PHY-1001 : Iter 5: len = 3.32973e+06, over cnt = 1055(0%), over = 1055, worst = 1, crit = 0, time(s) = 0.95
PHY-1001 : Iter 6: len = 3.33285e+06, over cnt = 905(0%), over = 905, worst = 1, crit = 0, time(s) = 0.62
PHY-1001 : Iter 7: len = 3.33408e+06, over cnt = 858(0%), over = 858, worst = 1, crit = 0, time(s) = 0.40
PHY-1001 : Marking 22 (0.57%) hot zones with cutoff utilization 81.25.
PHY-1001 : Iter 8: len = 3.37317e+06, over cnt = 219(0%), over = 219, worst = 1, crit = 0, time(s) = 0.56
PHY-1001 : Iter 9: len = 3.37934e+06, over cnt = 113(0%), over = 113, worst = 1, crit = 0, time(s) = 0.14
PHY-1001 : Iter 10: len = 3.3856e+06, over cnt = 43(0%), over = 43, worst = 1, crit = 0, time(s) = 0.12
PHY-1001 : Iter 11: len = 3.38768e+06, over cnt = 17(0%), over = 17, worst = 1, crit = 0, time(s) = 0.07
PHY-1001 : Iter 12: len = 3.38856e+06, over cnt = 4(0%), over = 4, worst = 1, crit = 0, time(s) = 0.07
PHY-1001 : Marking 22 (0.57%) hot zones with cutoff utilization 81.25.
PHY-1001 : Iter 13: len = 3.38859e+06, over cnt = 2(0%), over = 2, worst = 1, crit = 0, time(s) = 0.05
PHY-1001 : Iter 14: len = 3.38862e+06, over cnt = 0(0%), over = 0, worst = 0, crit = 0, time(s) = 0.05
PHY-1001 : Marking 22 (0.57%) hot zones with cutoff utilization 81.25.
PHY-1001 : Update congestion ...
PHY-1001 : Marking 22 (0.57%) hot zones with cutoff utilization 81.25.
PHY-1001 : Congestion index:
PHY-1001 : top1  = 86.47(S 63.11, N 69.39, E 81.47, W 83.28, I 71.82, O 78.45)
PHY-1001 : top5  = 76.73(S 55.48, N 60.42, E 70.29, W 71.92, I 57.54, O 60.06)
PHY-1001 : top10 = 71.81(S 51.38, N 55.77, E 63.80, W 66.14, I 51.57, O 54.06)
PHY-1001 : top15 = 68.46(S 48.45, N 52.73, E 59.20, W 62.10, I 48.12, O 50.13)
PHY-1001 : End update congestion; 0.017996s wall, 0.000000s user + 0.015625s system = 0.015625s CPU (86.8%)

PHY-1001 : End Stage 2.5.1.4 | Rip-up And ReRoute; Time: 12.710587s wall, 32.046875s user + 0.093750s system = 32.140625s CPU (252.9%); Memory(MB): used = 1912, reserved = 1903, peak = 1912;

PHY-1001 : Stage 2.5.1.5 | Update Timing
PHY-1001 : 902/24959(3%) critical/total net(s).
PHY-1001 : Setup: WNS(ns) = -1.248, TNS(ns) = -19.504, FEP = 26 | Hold: WNS(ns) = -0.163, TNS(ns) = -2.349, FEP = 55.
PHY-1001 : End Stage 2.5.1.5 | Update Timing; Time: 2.054883s wall, 2.046875s user + 0.000000s system = 2.046875s CPU (99.6%); Memory(MB): used = 1921, reserved = 1912, peak = 1921;

PHY-1001 : Stage 2.5.1.6 | Commit Data
PHY-1001 : Commit better result to database ...
PHY-1001 : End Stage 2.5.1.6 | Commit Data; Time: 0.136594s wall, 0.125000s user + 0.000000s system = 0.125000s CPU (91.5%); Memory(MB): used = 1942, reserved = 1933, peak = 1942;

PHY-1001 : End Stage 2.5.1 | Phase 1; Time: 18.016231s wall, 39.859375s user + 0.375000s system = 40.234375s CPU (223.3%); Memory(MB): used = 1942, reserved = 1933, peak = 1942;

PHY-1001 : Stage 2.5.2 | Phase 2
PHY-1001 : Stage 2.5.2.1 | Hold TimeOptimization
PHY-1001 : Iter 0; Processed 80 pins with HWNS -0.051ns HTNS -0.121ns FEP 3 took 0.266581 seconds.
PHY-1001 : Iter 1; Processed 85 pins with HWNS 0.013ns HTNS 0.000ns FEP 0 took 0.0874898 seconds.
PHY-1001 : len = 3.39654e+06, over cnt = 44(0%), over = 54, worst = 3, crit = 0
PHY-1001 : End Stage 2.5.2.1 | Hold TimeOptimization; Time: 0.449741s wall, 1.281250s user + 0.000000s system = 1.281250s CPU (284.9%); Memory(MB): used = 1942, reserved = 1933, peak = 1942;

PHY-1001 : Stage 2.5.2.2 | High Fanout Nets Optimization
PHY-1001 : High fanout net optimize summary:
PHY-1001 : Process 17 nets and 18 pins with SWNS -1.248ns STNS -19.238ns FEP 26.
PHY-1001 : len = 3.3968e+06, over cnt = 49(0%), over = 59, worst = 3, crit = 0
PHY-1001 : End Stage 2.5.2.2 | High Fanout Nets Optimization; Time: 0.492234s wall, 0.578125s user + 0.000000s system = 0.578125s CPU (117.4%); Memory(MB): used = 1942, reserved = 1933, peak = 1942;

PHY-1001 : Stage 2.5.2.3 | Setup TimeOptimization
PHY-1001 : Start to optimize setup violation with net base ...
PHY-1001 : Iter 1; Processed 66 pins with SWNS -0.330ns STNS -0.647ns FEP 2 took 7.15179 seconds.
PHY-1001 : len = 3.39986e+06, over cnt = 128(0%), over = 138, worst = 3, crit = 0
PHY-1001 : End Stage 2.5.2.3 | Setup TimeOptimization; Time: 7.416484s wall, 7.828125s user + 0.000000s system = 7.828125s CPU (105.6%); Memory(MB): used = 1942, reserved = 1934, peak = 1942;

PHY-1001 : Stage 2.5.2.4 | Rip-up And ReRoute
PHY-1001 : Iter 1: len = 3.39955e+06, over cnt = 16(0%), over = 17, worst = 2, crit = 0, time(s) = 0.26
PHY-1001 : Iter 2: len = 3.39914e+06, over cnt = 1(0%), over = 1, worst = 1, crit = 0, time(s) = 0.08
PHY-1001 : Iter 3: len = 3.39898e+06, over cnt = 0(0%), over = 0, worst = 0, crit = 0, time(s) = 0.04
PHY-1001 : Update congestion ...
PHY-1001 : Marking 55 (1.43%) hot zones with cutoff utilization 81.25.
PHY-1001 : Congestion index:
PHY-1001 : top1  = 86.80(S 63.26, N 69.26, E 81.47, W 83.44, I 71.82, O 78.45)
PHY-1001 : top5  = 76.76(S 55.56, N 60.42, E 70.19, W 71.99, I 57.54, O 60.06)
PHY-1001 : top10 = 71.81(S 51.45, N 55.89, E 63.74, W 66.23, I 51.57, O 54.06)
PHY-1001 : top15 = 68.52(S 48.55, N 52.89, E 59.16, W 62.17, I 48.12, O 50.13)
PHY-1001 : End update congestion; 0.025938s wall, 0.421875s user + 0.015625s system = 0.437500s CPU (1686.7%)

PHY-1001 : End Stage 2.5.2.4 | Rip-up And ReRoute; Time: 0.456415s wall, 2.500000s user + 0.015625s system = 2.515625s CPU (551.2%); Memory(MB): used = 1942, reserved = 1934, peak = 1942;

PHY-1001 : Stage 2.5.2.5 | Update Timing
PHY-1001 : 20/24959(0%) critical/total net(s).
PHY-1001 : Setup: WNS(ns) = -0.330, TNS(ns) = -0.765, FEP = 3 | Hold: WNS(ns) = -0.163, TNS(ns) = -1.551, FEP = 30.
PHY-1001 : End Stage 2.5.2.5 | Update Timing; Time: 0.558698s wall, 0.546875s user + 0.000000s system = 0.546875s CPU (97.9%); Memory(MB): used = 1942, reserved = 1934, peak = 1942;

PHY-1001 : Stage 2.5.2.6 | Commit Data
PHY-1001 : Commit better result to database ...
PHY-1001 : End Stage 2.5.2.6 | Commit Data; Time: 0.035438s wall, 0.031250s user + 0.000000s system = 0.031250s CPU (88.2%); Memory(MB): used = 1942, reserved = 1934, peak = 1942;

PHY-1001 : End Stage 2.5.2 | Phase 2; Time: 9.755111s wall, 13.437500s user + 0.015625s system = 13.453125s CPU (137.9%); Memory(MB): used = 1942, reserved = 1934, peak = 1942;

PHY-1001 : Stage 2.5.3 | Phase 3
PHY-1001 : Stage 2.5.3.1 | Hold TimeOptimization
PHY-1001 : Iter 0; Processed 42 pins with HWNS -0.027ns HTNS -0.027ns FEP 1 took 0.624417 seconds.
PHY-1001 : Iter 1; Processed 44 pins with HWNS 0.013ns HTNS 0.000ns FEP 0 took 0.127655 seconds.
PHY-1001 : len = 3.40339e+06, over cnt = 31(0%), over = 36, worst = 2, crit = 0
PHY-1001 : End Stage 2.5.3.1 | Hold TimeOptimization; Time: 0.835863s wall, 1.281250s user + 0.015625s system = 1.296875s CPU (155.2%); Memory(MB): used = 1942, reserved = 1934, peak = 1942;

PHY-1001 : Stage 2.5.3.2 | High Fanout Nets Optimization
PHY-1001 : High fanout net optimize summary:
PHY-1001 : Process 1 nets and 1 pins with SWNS -0.330ns STNS -0.647ns FEP 2.
PHY-1001 : len = 3.40341e+06, over cnt = 31(0%), over = 36, worst = 2, crit = 0
PHY-1001 : End Stage 2.5.3.2 | High Fanout Nets Optimization; Time: 0.379692s wall, 0.796875s user + 0.000000s system = 0.796875s CPU (209.9%); Memory(MB): used = 1942, reserved = 1934, peak = 1942;

PHY-1001 : Stage 2.5.3.3 | Setup TimeOptimization
PHY-1001 : Start to optimize setup violation with net base ...
PHY-1001 : Iter 1; Processed 2 pins with SWNS -0.330ns STNS -0.647ns FEP 2 took 0.202225 seconds.
PHY-1001 : len = 3.4035e+06, over cnt = 33(0%), over = 38, worst = 2, crit = 0
PHY-1001 : End Stage 2.5.3.3 | Setup TimeOptimization; Time: 0.470600s wall, 0.484375s user + 0.000000s system = 0.484375s CPU (102.9%); Memory(MB): used = 1942, reserved = 1934, peak = 1942;

PHY-1001 : Stage 2.5.3.4 | Rip-up And ReRoute
PHY-1001 : Iter 1: len = 3.40006e+06, over cnt = 4(0%), over = 4, worst = 1, crit = 0, time(s) = 0.08
PHY-1001 : Iter 2: len = 3.39984e+06, over cnt = 0(0%), over = 0, worst = 0, crit = 0, time(s) = 0.04
PHY-1001 : Update congestion ...
PHY-1001 : Marking 54 (1.41%) hot zones with cutoff utilization 81.25.
PHY-1001 : Congestion index:
PHY-1001 : top1  = 86.49(S 63.11, N 69.33, E 81.47, W 83.13, I 71.82, O 78.45)
PHY-1001 : top5  = 76.74(S 55.59, N 60.40, E 70.36, W 71.99, I 57.54, O 60.06)
PHY-1001 : top10 = 71.88(S 51.49, N 55.91, E 63.90, W 66.30, I 51.57, O 54.06)
PHY-1001 : top15 = 68.63(S 48.54, N 52.90, E 59.27, W 62.24, I 48.12, O 50.13)
PHY-1001 : End update congestion; 0.023209s wall, 0.062500s user + 0.000000s system = 0.062500s CPU (269.3%)

PHY-1001 : End Stage 2.5.3.4 | Rip-up And ReRoute; Time: 0.202507s wall, 1.015625s user + 0.015625s system = 1.031250s CPU (509.2%); Memory(MB): used = 1942, reserved = 1934, peak = 1942;

PHY-1001 : Stage 2.5.3.5 | Update Timing
PHY-1001 : 3/24959(0%) critical/total net(s).
PHY-1001 : Setup: WNS(ns) = -0.330, TNS(ns) = -0.647, FEP = 2 | Hold: WNS(ns) = -0.163, TNS(ns) = -1.171, FEP = 24.
PHY-1001 : End Stage 2.5.3.5 | Update Timing; Time: 0.398813s wall, 0.375000s user + 0.015625s system = 0.390625s CPU (97.9%); Memory(MB): used = 1943, reserved = 1934, peak = 1943;

PHY-1001 : Stage 2.5.3.6 | Commit Data
PHY-1001 : Commit better result to database ...
PHY-1001 : End Stage 2.5.3.6 | Commit Data; Time: 0.034175s wall, 0.031250s user + 0.000000s system = 0.031250s CPU (91.4%); Memory(MB): used = 1943, reserved = 1934, peak = 1943;

PHY-1001 : End Stage 2.5.3 | Phase 3; Time: 2.637416s wall, 4.296875s user + 0.046875s system = 4.343750s CPU (164.7%); Memory(MB): used = 1942, reserved = 1933, peak = 1943;

PHY-1001 : Stage 2.5.4 | Phase 4
PHY-1001 : Stage 2.5.4.1 | Hold TimeOptimization
PHY-1001 : Iter 0; Processed 31 pins with HWNS -0.085ns HTNS -0.085ns FEP 1 took 0.646401 seconds.
PHY-1001 : Iter 1; Processed 33 pins with HWNS 0.013ns HTNS 0.000ns FEP 0 took 0.0647974 seconds.
PHY-1001 : len = 3.40275e+06, over cnt = 23(0%), over = 26, worst = 2, crit = 0
PHY-1001 : End Stage 2.5.4.1 | Hold TimeOptimization; Time: 0.795975s wall, 1.203125s user + 0.000000s system = 1.203125s CPU (151.2%); Memory(MB): used = 1942, reserved = 1933, peak = 1943;

PHY-1001 : Stage 2.5.4.2 | High Fanout Nets Optimization
PHY-1001 : High fanout net optimize summary:
PHY-1001 : Process 0 nets and 0 pins with SWNS -0.330ns STNS -0.647ns FEP 2.
PHY-1001 : len = 3.40275e+06, over cnt = 23(0%), over = 26, worst = 2, crit = 0
PHY-1001 : End Stage 2.5.4.2 | High Fanout Nets Optimization; Time: 0.266406s wall, 0.687500s user + 0.000000s system = 0.687500s CPU (258.1%); Memory(MB): used = 1942, reserved = 1933, peak = 1943;

PHY-1001 : Stage 2.5.4.3 | Setup TimeOptimization
PHY-1001 : Start to optimize setup violation with net base ...
PHY-1001 : Iter 1; Processed 1 pins with SWNS -0.330ns STNS -0.647ns FEP 2 took 0.0936227 seconds.
PHY-1001 : len = 3.40275e+06, over cnt = 23(0%), over = 26, worst = 2, crit = 0
PHY-1001 : End Stage 2.5.4.3 | Setup TimeOptimization; Time: 0.345414s wall, 0.343750s user + 0.000000s system = 0.343750s CPU (99.5%); Memory(MB): used = 1942, reserved = 1933, peak = 1943;

PHY-1001 : Stage 2.5.4.4 | Rip-up And ReRoute
PHY-1001 : Iter 1: len = 3.40109e+06, over cnt = 2(0%), over = 2, worst = 1, crit = 0, time(s) = 0.04
PHY-1001 : Iter 2: len = 3.40093e+06, over cnt = 0(0%), over = 0, worst = 0, crit = 0, time(s) = 0.04
PHY-1001 : Update congestion ...
PHY-1001 : Marking 54 (1.41%) hot zones with cutoff utilization 81.25.
PHY-1001 : Congestion index:
PHY-1001 : top1  = 86.49(S 63.04, N 69.39, E 81.30, W 83.13, I 71.82, O 78.45)
PHY-1001 : top5  = 76.71(S 55.58, N 60.42, E 70.29, W 71.99, I 57.54, O 60.06)
PHY-1001 : top10 = 71.86(S 51.47, N 55.89, E 63.85, W 66.28, I 51.57, O 54.06)
PHY-1001 : top15 = 68.60(S 48.52, N 52.91, E 59.23, W 62.22, I 48.12, O 50.13)
PHY-1001 : End update congestion; 0.020768s wall, 0.015625s user + 0.000000s system = 0.015625s CPU (75.2%)

PHY-1001 : End Stage 2.5.4.4 | Rip-up And ReRoute; Time: 0.154549s wall, 1.000000s user + 0.015625s system = 1.015625s CPU (657.2%); Memory(MB): used = 1942, reserved = 1933, peak = 1943;

PHY-1001 : Stage 2.5.4.5 | Update Timing
PHY-1001 : 3/24959(0%) critical/total net(s).
PHY-1001 : Setup: WNS(ns) = -0.330, TNS(ns) = -0.647, FEP = 2 | Hold: WNS(ns) = -0.068, TNS(ns) = -0.391, FEP = 13.
PHY-1001 : End Stage 2.5.4.5 | Update Timing; Time: 0.249604s wall, 0.250000s user + 0.000000s system = 0.250000s CPU (100.2%); Memory(MB): used = 1942, reserved = 1933, peak = 1943;

PHY-1001 : Stage 2.5.4.6 | Commit Data
PHY-1001 : Commit better result to database ...
PHY-1001 : End Stage 2.5.4.6 | Commit Data; Time: 0.026472s wall, 0.015625s user + 0.000000s system = 0.015625s CPU (59.0%); Memory(MB): used = 1942, reserved = 1933, peak = 1943;

PHY-1001 : End Stage 2.5.4 | Phase 4; Time: 2.106197s wall, 4.203125s user + 0.015625s system = 4.218750s CPU (200.3%); Memory(MB): used = 1942, reserved = 1933, peak = 1943;

PHY-1001 : End Stage 2.5 | Routing Optimization; Time: 35.949489s wall, 65.234375s user + 0.453125s system = 65.687500s CPU (182.7%); Memory(MB): used = 1942, reserved = 1933, peak = 1943;

PHY-1001 : Stage 2.6 | Multi-try route Optimization
PHY-1001 : Original timing status: SWNS -330ps, STNS -647ps, FEP 2.
PHY-1001 : Start to multi-try route opt...
PHY-1033 : Iter 1, processed 4 pins with SWNS -330 -> -330ps STNS -647 -> -647ps FEP 2 -> 2.
PHY-1033 : Try cnt 4, commit cnt 0(0.00%).
PHY-1001 : len = 3.40093e+06, over cnt = 0(0%), over = 0, worst = 0, crit = 0
PHY-1001 : Update timing ...
PHY-1001 : 3/24959(0%) critical/total net(s).
PHY-1001 : Setup: WNS(ns) = -0.330, TNS(ns) = -0.647, FEP = 2 | Hold: WNS(ns) = -0.068, TNS(ns) = -0.391, FEP = 13.
PHY-1001 : End update timing; 0.229804s wall, 0.234375s user + 0.000000s system = 0.234375s CPU (102.0%)

PHY-1001 : End multi-try route opt;  1.193406s wall, 2.625000s user + 0.015625s system = 2.640625s CPU (221.3%)

PHY-1001 : End Stage 2.6 | Multi-try route Optimization; Time: 1.254296s wall, 2.671875s user + 0.031250s system = 2.703125s CPU (215.5%); Memory(MB): used = 1946, reserved = 1938, peak = 1946;

PHY-1003 : Routed, final wirelength = 3.40093e+06
RUN-1001 : Clock region assignment statistics:
RUN-1001 : Clock Region s_0_l [0,0][23,39]; Utilization: 7 out of 12
RUN-1001 : -----------------------------------------------------------------------------------------------------------------------------------------------------------------------------------------------------------------------------------------------------------------------------------------------------------------------------------------------------------------------------------------------------------------------------------------------------------------------------------
RUN-1001 :   Bank  |                                                         Assigned Clock                                                          |                                                           Route Clock                                                           |  Marking  |                                                                            Buffer                                                                             |  Regional Clock Fanouts  
RUN-1001 : -----------------------------------------------------------------------------------------------------------------------------------------------------------------------------------------------------------------------------------------------------------------------------------------------------------------------------------------------------------------------------------------------------------------------------------------------------------------------------------
RUN-1001 :    1    |                  u_DDR_top/u_ph1p35_324_ddr_wrapper/u_ddr2/ph1p_ddrmc_wrapper/ph1p_ddrmc_top/u_alc_mc_top/clk                   |                  u_DDR_top/u_ph1p35_324_ddr_wrapper/u_ddr2/ph1p_ddrmc_wrapper/ph1p_ddrmc_top/u_alc_mc_top/clk                   |           | u_DDR_top/u_ph1p35_324_ddr_wrapper/u_ddr2/ph1p_ddrmc_wrapper/ph1p_ddrmc_top/u_ddr_phy/u_ddrphy_top/u_ddrphy_clk/u_pll1/u_bufg_fbclk_auto_created_sclk_s_0...  |           2140           
RUN-1001 :    2    |  u_ISP_preprocess_top/u_isp_top/u_demosaic/raw_matrix_3x3_buffer_d/zhenghe_d/blk_mem_gen_zhenghe_d1/ram_d32970204f32_Inst/clkb  |  u_ISP_preprocess_top/u_isp_top/u_demosaic/raw_matrix_3x3_buffer_d/zhenghe_d/blk_mem_gen_zhenghe_d1/ram_d32970204f32_Inst/clkb  |           |                      u_SC500CS_top/u_mipi_dphy_rx_ph1p_mipiio_wrapper/u_ph1p_mipiio_rx_wrapper/bufg_feedback_auto_created_sclk_s_0_l_bk2                      |           546            
RUN-1001 :    3    |                                            u_display_top/u_hdmi_mixer/I_clk_syn_655                                             |                                            u_display_top/u_hdmi_mixer/I_clk_syn_655                                             |           |                                         u_display_top/u_hdmi_mixer/I_clk_created_gclkinst_auto_created_sclk_s_0_l_bk3                                         |           219            
RUN-1001 :    4    |                                                         I_sys_clk_syn_8                                                         |                                                         I_sys_clk_syn_8                                                         |           |                                                 I_sys_clk_dup_6_created_gclkinst_auto_created_sclk_s_0_l_bk4                                                  |            86            
RUN-1001 :    5    |                                                         O_cam_24m_syn_3                                                         |                                                         O_cam_24m_syn_3                                                         |           |                                                 O_cam_24m_dup_1_created_gclkinst_auto_created_sclk_s_0_l_bk5                                                  |            72            
RUN-1001 :    6    |                                         u_SC500CS_top/u_uicfgcs500/u_i2c/scl_clk_syn_9                                          |                                         u_SC500CS_top/u_uicfgcs500/u_i2c/scl_clk_syn_9                                          |           |                                     u_SC500CS_top/u_uicfgcs500/u_i2c/scl_clk_created_gclkinst_auto_created_sclk_s_0_l_bk6                                     |            17            
RUN-1001 :    7    |   u_DDR_top/u_ph1p35_324_ddr_wrapper/u_ddr2/ph1p_ddrmc_wrapper/ph1p_ddrmc_top/u_ddr_phy/u_ddrphy_top/u_ddrphy/apb_pclk_syn_1    |   u_DDR_top/u_ph1p35_324_ddr_wrapper/u_ddr2/ph1p_ddrmc_wrapper/ph1p_ddrmc_top/u_ddr_phy/u_ddrphy_top/u_ddrphy/apb_pclk_syn_1    |           | u_DDR_top/u_ph1p35_324_ddr_wrapper/u_ddr2/ph1p_ddrmc_wrapper/ph1p_ddrmc_top/u_ddr_phy/u_ddrphy_top/u_ddrphy/apb_pclk_created_gclkinst_auto_created_sclk_s...  |            4             
RUN-1001 : -----------------------------------------------------------------------------------------------------------------------------------------------------------------------------------------------------------------------------------------------------------------------------------------------------------------------------------------------------------------------------------------------------------------------------------------------------------------------------------
RUN-1001 : Clock Region s_0_r [24,0][47,39]; Utilization: 5 out of 12
RUN-1001 : -----------------------------------------------------------------------------------------------------------------------------------------------------------------------------------------------------------------------------------------------------------------------------------------------------------------------------------------------------------------------------------------------------------------------------------------------------------------------------------
RUN-1001 :   Bank  |                                                         Assigned Clock                                                          |                                                           Route Clock                                                           |  Marking  |                                                                            Buffer                                                                             |  Regional Clock Fanouts  
RUN-1001 : -----------------------------------------------------------------------------------------------------------------------------------------------------------------------------------------------------------------------------------------------------------------------------------------------------------------------------------------------------------------------------------------------------------------------------------------------------------------------------------
RUN-1001 :    1    |  u_ISP_preprocess_top/u_isp_top/u_demosaic/raw_matrix_3x3_buffer_d/zhenghe_d/blk_mem_gen_zhenghe_d1/ram_d32970204f32_Inst/clkb  |  u_ISP_preprocess_top/u_isp_top/u_demosaic/raw_matrix_3x3_buffer_d/zhenghe_d/blk_mem_gen_zhenghe_d1/ram_d32970204f32_Inst/clkb  |           |                      u_SC500CS_top/u_mipi_dphy_rx_ph1p_mipiio_wrapper/u_ph1p_mipiio_rx_wrapper/bufg_feedback_auto_created_sclk_s_0_r_bk1                      |           1187           
RUN-1001 :    2    |                                            u_display_top/u_hdmi_mixer/I_clk_syn_655                                             |                                            u_display_top/u_hdmi_mixer/I_clk_syn_655                                             |           |                                         u_display_top/u_hdmi_mixer/I_clk_created_gclkinst_auto_created_sclk_s_0_r_bk2                                         |           322            
RUN-1001 :    3    |                u_SC500CS_top/u_mipi_dphy_rx_ph1p_mipiio_wrapper/u_ph1p_mipiio_rx_wrapper/u_lane0_hs_detect/I_clk                |                u_SC500CS_top/u_mipi_dphy_rx_ph1p_mipiio_wrapper/u_ph1p_mipiio_rx_wrapper/u_lane0_hs_detect/I_clk                |           |                                                        u_PLL/bufg_feedback_auto_created_sclk_s_0_r_bk3                                                        |            7             
RUN-1001 :    4    |                  u_DDR_top/u_ph1p35_324_ddr_wrapper/u_ddr2/ph1p_ddrmc_wrapper/ph1p_ddrmc_top/u_alc_mc_top/clk                   |                  u_DDR_top/u_ph1p35_324_ddr_wrapper/u_ddr2/ph1p_ddrmc_wrapper/ph1p_ddrmc_top/u_alc_mc_top/clk                   |           | u_DDR_top/u_ph1p35_324_ddr_wrapper/u_ddr2/ph1p_ddrmc_wrapper/ph1p_ddrmc_top/u_ddr_phy/u_ddrphy_top/u_ddrphy_clk/u_pll1/u_bufg_fbclk_auto_created_sclk_s_0...  |            4             
RUN-1001 :    5    |                                                         O_cam_24m_syn_3                                                         |                                                         O_cam_24m_syn_3                                                         |           |                                                 O_cam_24m_dup_1_created_gclkinst_auto_created_sclk_s_0_r_bk5                                                  |            1             
RUN-1001 : -----------------------------------------------------------------------------------------------------------------------------------------------------------------------------------------------------------------------------------------------------------------------------------------------------------------------------------------------------------------------------------------------------------------------------------------------------------------------------------
RUN-1001 : Clock Region s_1_l [0,40][23,79]; Utilization: 5 out of 12
RUN-1001 : -----------------------------------------------------------------------------------------------------------------------------------------------------------------------------------------------------------------------------------------------------------------------------------------------------------------------------------------------------------------------------------------------------------------------------------------------------------------------------------
RUN-1001 :   Bank  |                                                         Assigned Clock                                                          |                                                           Route Clock                                                           |  Marking  |                                                                            Buffer                                                                             |  Regional Clock Fanouts  
RUN-1001 : -----------------------------------------------------------------------------------------------------------------------------------------------------------------------------------------------------------------------------------------------------------------------------------------------------------------------------------------------------------------------------------------------------------------------------------------------------------------------------------
RUN-1001 :    1    |                  u_DDR_top/u_ph1p35_324_ddr_wrapper/u_ddr2/ph1p_ddrmc_wrapper/ph1p_ddrmc_top/u_alc_mc_top/clk                   |                  u_DDR_top/u_ph1p35_324_ddr_wrapper/u_ddr2/ph1p_ddrmc_wrapper/ph1p_ddrmc_top/u_alc_mc_top/clk                   |           | u_DDR_top/u_ph1p35_324_ddr_wrapper/u_ddr2/ph1p_ddrmc_wrapper/ph1p_ddrmc_top/u_ddr_phy/u_ddrphy_top/u_ddrphy_clk/u_pll1/u_bufg_fbclk_auto_created_sclk_s_1...  |            51            
RUN-1001 :    2    |  u_ISP_preprocess_top/u_isp_top/u_demosaic/raw_matrix_3x3_buffer_d/zhenghe_d/blk_mem_gen_zhenghe_d1/ram_d32970204f32_Inst/clkb  |  u_ISP_preprocess_top/u_isp_top/u_demosaic/raw_matrix_3x3_buffer_d/zhenghe_d/blk_mem_gen_zhenghe_d1/ram_d32970204f32_Inst/clkb  |           |                      u_SC500CS_top/u_mipi_dphy_rx_ph1p_mipiio_wrapper/u_ph1p_mipiio_rx_wrapper/bufg_feedback_auto_created_sclk_s_1_l_bk2                      |           1734           
RUN-1001 :    3    |                                            u_display_top/u_hdmi_mixer/I_clk_syn_655                                             |                                            u_display_top/u_hdmi_mixer/I_clk_syn_655                                             |           |                                         u_display_top/u_hdmi_mixer/I_clk_created_gclkinst_auto_created_sclk_s_1_l_bk3                                         |           167            
RUN-1001 :    4    |   u_DDR_top/u_ph1p35_324_ddr_wrapper/u_ddr2/ph1p_ddrmc_wrapper/ph1p_ddrmc_top/u_ddr_phy/u_ddrphy_top/u_ddrphy/apb_pclk_syn_1    |   u_DDR_top/u_ph1p35_324_ddr_wrapper/u_ddr2/ph1p_ddrmc_wrapper/ph1p_ddrmc_top/u_ddr_phy/u_ddrphy_top/u_ddrphy/apb_pclk_syn_1    |           | u_DDR_top/u_ph1p35_324_ddr_wrapper/u_ddr2/ph1p_ddrmc_wrapper/ph1p_ddrmc_top/u_ddr_phy/u_ddrphy_top/u_ddrphy/apb_pclk_created_gclkinst_auto_created_sclk_s...  |            23            
RUN-1001 :    5    |                                                         O_cam_24m_syn_3                                                         |                                                         O_cam_24m_syn_3                                                         |           |                                                 O_cam_24m_dup_1_created_gclkinst_auto_created_sclk_s_1_l_bk5                                                  |            13            
RUN-1001 : -----------------------------------------------------------------------------------------------------------------------------------------------------------------------------------------------------------------------------------------------------------------------------------------------------------------------------------------------------------------------------------------------------------------------------------------------------------------------------------
RUN-1001 : Clock Region s_1_r [24,40][43,79]; Utilization: 5 out of 12
RUN-1001 : ---------------------------------------------------------------------------------------------------------------------------------------------------------------------------------------------------------------------------------------------------------------------------------------------------------------------------------------------------------------------------------------------------------------------------------------------
RUN-1001 :   Bank  |                                                         Assigned Clock                                                          |                                                           Route Clock                                                           |  Marking  |                                                         Buffer                                                          |  Regional Clock Fanouts  
RUN-1001 : ---------------------------------------------------------------------------------------------------------------------------------------------------------------------------------------------------------------------------------------------------------------------------------------------------------------------------------------------------------------------------------------------------------------------------------------------
RUN-1001 :    1    |                u_SC500CS_top/u_mipi_dphy_rx_ph1p_mipiio_wrapper/u_ph1p_mipiio_rx_wrapper/u_lane0_hs_detect/I_clk                |                u_SC500CS_top/u_mipi_dphy_rx_ph1p_mipiio_wrapper/u_ph1p_mipiio_rx_wrapper/u_lane0_hs_detect/I_clk                |           |                                     u_PLL/bufg_feedback_auto_created_sclk_s_1_r_bk1                                     |            1             
RUN-1001 :    2    |  u_ISP_preprocess_top/u_isp_top/u_demosaic/raw_matrix_3x3_buffer_d/zhenghe_d/blk_mem_gen_zhenghe_d1/ram_d32970204f32_Inst/clkb  |  u_ISP_preprocess_top/u_isp_top/u_demosaic/raw_matrix_3x3_buffer_d/zhenghe_d/blk_mem_gen_zhenghe_d1/ram_d32970204f32_Inst/clkb  |           |   u_SC500CS_top/u_mipi_dphy_rx_ph1p_mipiio_wrapper/u_ph1p_mipiio_rx_wrapper/bufg_feedback_auto_created_sclk_s_1_r_bk2   |           1196           
RUN-1001 :    3    |                                            u_display_top/u_hdmi_mixer/I_clk_syn_655                                             |                                            u_display_top/u_hdmi_mixer/I_clk_syn_655                                             |           |                      u_display_top/u_hdmi_mixer/I_clk_created_gclkinst_auto_created_sclk_s_1_r_bk3                      |           516            
RUN-1001 :    4    |                         u_display_top/u_hdmi_tx/u_hdmi2phy_wrapper/u0_lane_lvds_8_1/I_serial_clk_syn_1                          |                         u_display_top/u_hdmi_tx/u_hdmi2phy_wrapper/u0_lane_lvds_8_1/I_serial_clk_syn_1                          |           |  u_display_top/u_hdmi_tx/u_hdmi2phy_wrapper/u0_lane_lvds_8_1/I_serial_clk_created_gclkinst_auto_created_sclk_s_1_r_bk4  |            35            
RUN-1001 :    5    |                                                         O_cam_24m_syn_3                                                         |                                                         O_cam_24m_syn_3                                                         |           |                              O_cam_24m_dup_1_created_gclkinst_auto_created_sclk_s_1_r_bk5                               |            15            
RUN-1001 : ---------------------------------------------------------------------------------------------------------------------------------------------------------------------------------------------------------------------------------------------------------------------------------------------------------------------------------------------------------------------------------------------------------------------------------------------
RUN-1002 : start command "export_db camera_to_dsi_display_pr.db"
RUN-1001 : Exported flow parameters
RUN-1001 : Exported /
RUN-1001 : Exported libs
RUN-1001 : Exported entities
RUN-1001 : Exported ports
RUN-1001 : Exported pins
RUN-1001 : Exported instances
RUN-1001 : Exported nets
RUN-1001 : Exported buses
RUN-1001 : Exported models
RUN-1001 : Exported phy database
RUN-1001 : Exported packer
RUN-1001 : Exported congestions
RUN-1001 : Exported violations
RUN-1001 : Exported ATMR Setting
RUN-1001 : Exported timing constraints
RUN-1001 : Exported IO constraints
RUN-1001 : Exported Inst constraints
RUN-1001 : Exported ChipWatcher
RUN-1003 : finish command "export_db camera_to_dsi_display_pr.db" in  1.214849s wall, 1.609375s user + 0.078125s system = 1.687500s CPU (138.9%)

RUN-1004 : used memory is 2040 MB, reserved memory is 2150 MB, peak memory is 2040 MB
PHY-1001 : Current memory(MB): used = 2040, reserved = 2150, peak = 2040.
PHY-1001 : End export database. 1.281578s wall, 1.671875s user + 0.078125s system = 1.750000s CPU (136.6%)

PHY-1001 : End detail routing;  57.866026s wall, 112.765625s user + 0.953125s system = 113.718750s CPU (196.5%)

PHY-1001 : End Stage 2 | Detail Routing; Time: 57.866144s wall, 112.765625s user + 0.953125s system = 113.718750s CPU (196.5%); Memory(MB): used = 2040, reserved = 2150, peak = 2040;

RUN-1002 : start command "phys_opt -post_route -effort low"
RUN-1002 : start command "start_timer -keep_rs"
RUN-1003 : finish command "start_timer -keep_rs" in  1.923105s wall, 1.921875s user + 0.000000s system = 1.921875s CPU (99.9%)

RUN-1004 : used memory is 2040 MB, reserved memory is 2150 MB, peak memory is 2040 MB
OPT-1001 : Total overflow 0.00 peak overflow 0.00
OPT-1001 : Stage 3 | Optimize Path After Routing
PHY-1034 : Refresh detailed routing grids ...
PHY-1001 : Loading existing routes ...
RUN-1001 : Clock Statistics :
RUN-1001 : -----------------------------------------------------------------------------------------------------------------
RUN-1001 :   Index  |                                   Clock Net                                   |         Type          
RUN-1001 : -----------------------------------------------------------------------------------------------------------------
RUN-1001 :     1    | u_DDR_top/u_ph1p35_324_ddr_wrapper/u_ddr2/ph1p_ddrmc_wrapper/ph1p_ddrmc_t...  |       User GCLK       
RUN-1001 :     2    |                                u_PLL/clk0_buf                                 |       User GCLK       
RUN-1001 :     3    | u_SC500CS_top/u_mipi_dphy_rx_ph1p_mipiio_wrapper/u_ph1p_mipiio_rx_wrapper...  |       User GCLK       
RUN-1001 :     4    |                                I_sys_clk_dup_6                                |     Inferred GCLK     
RUN-1001 :     5    |                       u_display_top/u_hdmi_mixer/I_clk                        |     Inferred GCLK     
RUN-1001 :     6    |                                O_cam_24m_dup_1                                |     Inferred GCLK     
RUN-1001 :     7    |   u_display_top/u_hdmi_tx/u_hdmi2phy_wrapper/u0_lane_lvds_8_1/I_serial_clk    |     Inferred GCLK     
RUN-1001 :     8    | u_DDR_top/u_ph1p35_324_ddr_wrapper/u_ddr2/ph1p_ddrmc_wrapper/ph1p_ddrmc_t...  |     Inferred GCLK     
RUN-1001 :     9    |                   u_SC500CS_top/u_uicfgcs500/u_i2c/scl_clk                    |     Inferred GCLK     
RUN-1001 :    10    | u_DDR_top/u_ph1p35_324_ddr_wrapper/u_ddr2/ph1p_ddrmc_wrapper/ph1p_ddrmc_t...  |  User Multi-Regional  
RUN-1001 :    11    | u_DDR_top/u_ph1p35_324_ddr_wrapper/u_ddr2/ph1p_ddrmc_wrapper/ph1p_ddrmc_t...  |  User Multi-Regional  
RUN-1001 :    12    | u_DDR_top/u_ph1p35_324_ddr_wrapper/u_ddr2/ph1p_ddrmc_wrapper/ph1p_ddrmc_t...  |     User Regional     
RUN-1001 :    13    | u_DDR_top/u_ph1p35_324_ddr_wrapper/u_ddr2/ph1p_ddrmc_wrapper/ph1p_ddrmc_t...  |     User Regional     
RUN-1001 :    14    | u_DDR_top/u_ph1p35_324_ddr_wrapper/u_ddr2/ph1p_ddrmc_wrapper/ph1p_ddrmc_t...  |     User Regional     
RUN-1001 :    15    | u_DDR_top/u_ph1p35_324_ddr_wrapper/u_ddr2/ph1p_ddrmc_wrapper/ph1p_ddrmc_t...  |     User Regional     
RUN-1001 : -----------------------------------------------------------------------------------------------------------------
PHY-1001 : eco open net = 0
OPT-1001 : Start post-route optimization ...
OPT-1001 : WNS -330 TNS -647 NUM_FEPS 2
OPT-1001 : Reroute critical path nets to improve timing ...
OPT-1001 : Reroute Iter 1 Best SWNS -317 STNS -575 NUM_FEPS 2 improved SWNS 13 STNS 72 with 1 net processed
OPT-1001 : Reroute Iter 2 Best SWNS -258 STNS -516 NUM_FEPS 2 improved SWNS 59 STNS 59 with 1 net processed
OPT-1001 : Reroute Iter 3 Best SWNS -258 STNS -516 NUM_FEPS 2 improved SWNS 0 STNS 0 with 0 net processed
OPT-1001 : Reroute Iter 4 Best SWNS -258 STNS -516 NUM_FEPS 2 improved SWNS 0 STNS 0 with 0 net processed
OPT-1001 : Fixing on SWNS mode with low effort
OPT-1001 : Relocation SWNS path with slack -258:
OPT-1001 : Relocation Iter 1: Best SWNS -258 STNS -516 NUM_FEPS 2 improved SWNS 0 STNS 0 with 0 cell processed
OPT-1001 : Reroute critical path nets to improve timing ...
OPT-1001 : Reroute Iter 1 Best SWNS -258 STNS -516 NUM_FEPS 2 improved SWNS 0 STNS 0 with 0 net processed
OPT-1001 : Reroute Iter 2 Best SWNS -258 STNS -516 NUM_FEPS 2 improved SWNS 0 STNS 0 with 0 net processed
OPT-1001 : End post-route optimization;  7.381028s wall, 12.140625s user + 0.015625s system = 12.156250s CPU (164.7%)

OPT-1001 : End Stage 3 | Optimize Path After Routing; Time: 10.712631s wall, 15.921875s user + 0.031250s system = 15.953125s CPU (148.9%); Memory(MB): used = 2040, reserved = 2150, peak = 2040;

OPT-1001 : End physical optimization;  12.761762s wall, 17.968750s user + 0.031250s system = 18.000000s CPU (141.0%)

RUN-1001 : Post-route optimization summary
RUN-1001 : -----------------------------------------
RUN-1001 :   Metrics  |  Before  |  After  |  impr  
RUN-1001 : -----------------------------------------
RUN-1001 :    SWNS    |   -330   |  -258   |   72   
RUN-1001 :    STNS    |   -647   |  -516   |  131   
RUN-1001 :    FEPS    |    2     |    2    |   0    
RUN-1001 : -----------------------------------------
RUN-1001 : Attempt Statistics
RUN-1001 : -----------------------------------------------------
RUN-1001 :          Item         |  Total  |  Succ  |  Percent  
RUN-1001 : -----------------------------------------------------
RUN-1001 :   Attempt relocation  |    8    |   0    |    NA     
RUN-1001 :    Attempt reroute    |   15    |   2    |  13.33%   
RUN-1001 :       Attempt DR      |   23    |   8    |  34.78%   
RUN-1001 : -----------------------------------------------------
OPT-1001 : Total DR runtime: 3.496673
OPT-1001 : Total UT runtime: 3.223761
PHY-1001 : Stage 4 | Check And Add Lut-bridge
PHY-1001 : End Stage 4 | Check And Add Lut-bridge; Time: 0.106906s wall, 0.109375s user + 0.000000s system = 0.109375s CPU (102.3%); Memory(MB): used = 2040, reserved = 2149, peak = 2040;

PHY-1001 : Stage 5 | Lut Bridge Check
PHY-1001 : End Stage 5 | Lut Bridge Check; Time: 0.183053s wall, 0.187500s user + 0.000000s system = 0.187500s CPU (102.4%); Memory(MB): used = 2040, reserved = 2149, peak = 2040;

PHY-1001 : Stage 6 | Physical Net Status Check
PHY-1001 : End Stage 6 | Physical Net Status Check; Time: 0.057020s wall, 0.062500s user + 0.000000s system = 0.062500s CPU (109.6%); Memory(MB): used = 2040, reserved = 2149, peak = 2040;

PHY-1001 : Start multi-drive drc check......
PHY-1001 : No multi-drive.
PHY-1001 : Stage 7 | Clock Net Status Check
PHY-1001 : 2 clock net(s) utilize local routing resource.
PHY-5079 CRITICAL-WARNING: Marked 1 clock net(s) utilize the local routing resources. Please check log message and the sinks of clock nets.
RUN-1001 : CTS Local Wire Summary
RUN-1001 : ------------------------------------------------------------------------------------------------------------------------------------------------------------
RUN-1001 :    ClockName    |   DriverType    |  Clock/Fanout  |  LocalWireNum  |                                  NetName                                   |  Marked  
RUN-1001 : ------------------------------------------------------------------------------------------------------------------------------------------------------------
RUN-1001 :        -        |  AL_PHY_LSLICE  |      1/3       |       13       |                  u_SC500CS_top/u_uicfgcs500/u_i2c/scl_clk                  |    -     
RUN-1001 :   pll_clk_24m   |   AL_PHY_SCLK   |     71/72      |       3        |  O_cam_24m_dup_1_created_gclkinst_auto_created_sclk_s_0_l_bk5_sclk_outnet  |   true   
RUN-1001 : ------------------------------------------------------------------------------------------------------------------------------------------------------------
PHY-5088 WARNING: Clock_Analyzer: Detected 1 buffer(s) clkin net because they drive non-clock sinks. Run "analyze_clock -detail" for more infomation.
PHY-5088 WARNING: Clock_Analyzer: Detected 1 buffer(s) clkout net because they drive non-clock sinks. Run "analyze_clock -detail" for more infomation.
PHY-5088 WARNING: Clock_Analyzer: 2 clock-net(s) because they drive other clock net, may cause clock skew. Run "analyze_clock -detail" for more infomation.
PHY-1001 : End Stage 7 | Clock Net Status Check; Time: 0.062001s wall, 0.062500s user + 0.000000s system = 0.062500s CPU (100.8%); Memory(MB): used = 2040, reserved = 2149, peak = 2040;

PHY-1001 : Stage 8 | Abnormal Timing Path check
PHY-1001 : No abnormal timing path.
PHY-1001 : End Stage 8 | Abnormal Timing Path check; Time: 0.191842s wall, 0.187500s user + 0.000000s system = 0.187500s CPU (97.7%); Memory(MB): used = 2040, reserved = 2149, peak = 2040;

RUN-1003 : finish command "phys_opt -post_route -effort low" in  13.445210s wall, 18.656250s user + 0.031250s system = 18.687500s CPU (139.0%)

RUN-1004 : used memory is 2040 MB, reserved memory is 2149 MB, peak memory is 2040 MB
RUN-1002 : start command "export_db camera_to_dsi_display_pr.db"
RUN-1001 : Exported flow parameters
RUN-1001 : Exported /
RUN-1001 : Exported libs
RUN-1001 : Exported entities
RUN-1001 : Exported ports
RUN-1001 : Exported pins
RUN-1001 : Exported instances
RUN-1001 : Exported nets
RUN-1001 : Exported buses
RUN-1001 : Exported models
RUN-1001 : Exported phy database
RUN-1001 : Exported packer
RUN-1001 : Exported congestions
RUN-1001 : Exported violations
RUN-1001 : Exported ATMR Setting
RUN-1001 : Exported timing constraints
RUN-1001 : Exported IO constraints
RUN-1001 : Exported Inst constraints
RUN-1001 : Exported ChipWatcher
RUN-1003 : finish command "export_db camera_to_dsi_display_pr.db" in  1.142289s wall, 1.593750s user + 0.046875s system = 1.640625s CPU (143.6%)

RUN-1004 : used memory is 2040 MB, reserved memory is 2149 MB, peak memory is 2040 MB
RUN-1002 : start command "fix_hold"

PHY-1001 : Stage 9 | Hold Fix
PHY-1001 : Stage 9.1 | Load Design Data
PHY-1034 : Refresh detailed routing grids ...
PHY-1001 : Generate nets ...
PHY-1001 : eco open net = 0
PHY-1001 : End Stage 9.1 | Load Design Data; Time: 0.368007s wall, 0.359375s user + 0.000000s system = 0.359375s CPU (97.7%); Memory(MB): used = 2040, reserved = 2149, peak = 2040;

PHY-1001 : Stage 9.2 | Hold Fix Optimization
RUN-1002 : start command "start_timer"
16.668000
15.000000
15.000000
13.333000
RUN-1003 : finish command "start_timer" in  2.048988s wall, 2.015625s user + 0.000000s system = 2.015625s CPU (98.4%)

RUN-1004 : used memory is 2040 MB, reserved memory is 2149 MB, peak memory is 2040 MB
PHY-1001 : Timing info: SWNS -0.258ns | STNS -0.516ns | HWNS -0.068ns | HTNS -0.391ns.
PHY-1001 : Processing hold violation on 18 end-point, worst slack = -68ps, best slack = 18ps.
PHY-1001 : End timing refresh.  5.991661s wall, 5.671875s user + 0.250000s system = 5.921875s CPU (98.8%)

PHY-1001 : Stage 9.2.1 | Phase 1
PHY-1001 : Stage 9.2.1.1 | Hold Fix By LutBridge
PHY-1001 : len = 3.40165e+06, over cnt = 0(0%), over = 0, worst = 0, crit = 0
PHY-1001 : Bridge count = 5; unresolved count = 0.
PHY-1001 : 1 out of 18 ((5.56)%) EP fixed by LB.
PHY-1001 : End Stage 9.2.1.1 | Hold Fix By LutBridge; Time: 0.348792s wall, 0.828125s user + 0.000000s system = 0.828125s CPU (237.4%); Memory(MB): used = 777, reserved = 2150, peak = 2040;

PHY-1001 : Timing info: SWNS -0.258ns | STNS -0.516ns | HWNS -0.057ns | HTNS -0.131ns.
PHY-1001 : Processing hold violation on 5 end-point, worst slack = -57ps, best slack = -7ps.
PHY-1001 : End timing refresh.  0.065650s wall, 0.062500s user + 0.000000s system = 0.062500s CPU (95.2%)

PHY-1001 : Stage 9.2.1.2 | Hold Fix By Pin
PHY-1001 : len = 3.40197e+06, over cnt = 0(0%), over = 0, worst = 0, crit = 0
PHY-1001 : 5 out of 5 ((100.00)%) EP fixed by pin delay.
PHY-1001 : End Stage 9.2.1.2 | Hold Fix By Pin; Time: 0.141535s wall, 0.578125s user + 0.000000s system = 0.578125s CPU (408.5%); Memory(MB): used = 779, reserved = 2150, peak = 2040;

PHY-1001 : Timing info: SWNS -0.258ns | STNS -0.516ns | HWNS 0.020ns | HTNS 0.000ns.
PHY-1001 : End timing refresh.  0.066084s wall, 0.062500s user + 0.000000s system = 0.062500s CPU (94.6%)

PHY-1001 : End Stage 9.2.1 | Phase 1; Time: 0.642326s wall, 1.546875s user + 0.000000s system = 1.546875s CPU (240.8%); Memory(MB): used = 779, reserved = 2150, peak = 2040;

PHY-1001 : End Stage 9.2 | Hold Fix Optimization; Time: 6.637010s wall, 7.218750s user + 0.250000s system = 7.468750s CPU (112.5%); Memory(MB): used = 779, reserved = 2150, peak = 2040;

PHY-1001 : End Stage 9 | Hold Fix; Time: 7.256542s wall, 7.765625s user + 0.281250s system = 8.046875s CPU (110.9%); Memory(MB): used = 859, reserved = 2149, peak = 2040;

RUN-1003 : finish command "fix_hold" in  7.286090s wall, 7.796875s user + 0.281250s system = 8.078125s CPU (110.9%)

RUN-1004 : used memory is 859 MB, reserved memory is 2149 MB, peak memory is 2040 MB
PHY-1001 : Stage 10 | Report Route Qor
RUN-1002 : start command "report_qor -step route -file route.qor"
RUN-1002 : start command "start_timer"
RUN-1003 : finish command "start_timer" in  1.938155s wall, 1.843750s user + 0.093750s system = 1.937500s CPU (100.0%)

RUN-1004 : used memory is 1022 MB, reserved memory is 2149 MB, peak memory is 2040 MB
-----------------------------------------------------------
| QoR metrics               |         value               |
-----------------------------------------------------------
| Timing                    |                             |
|     Setup WNS             |         -258                |
|     Setup TNS             |         -516                |
|     Num of violated S-EP  |            2                |
|     Hold WNS              |           20                |
|     Hold TNS              |            0                |
|     Num of violated H-EP  |            0                |
-----------------------------------------------------------
| Routing Resource          |                             |
|     Wire length           |      3401968                |
-----------------------------------------------------------
| Utilization               |                             |
|     #slices               |        15446                |
|     slices percentage     |       72.80%                |
|     #RAMs                 |           41                |
|     #DSPs                 |           12                |
|     #DRAMHARDCON          |           69                |
-----------------------------------------------------------
Report route stage QoR done.

RUN-1003 : finish command "report_qor -step route -file route.qor" in  5.104381s wall, 5.000000s user + 0.109375s system = 5.109375s CPU (100.1%)

RUN-1004 : used memory is 1030 MB, reserved memory is 2150 MB, peak memory is 2040 MB
RUN-1002 : start command "update_timing -mode final"
RUN-1002 : start command "start_timer"
RUN-1003 : finish command "start_timer" in  1.796657s wall, 1.796875s user + 0.000000s system = 1.796875s CPU (100.0%)

RUN-1004 : used memory is 1030 MB, reserved memory is 2149 MB, peak memory is 2040 MB
RUN-1003 : finish command "update_timing -mode final" in  4.782845s wall, 4.734375s user + 0.000000s system = 4.734375s CPU (99.0%)

RUN-1004 : used memory is 1033 MB, reserved memory is 2150 MB, peak memory is 2040 MB
RUN-1002 : start command "report_timing_summary -file final_timing.rpt"
OPT-1001 : QoR tracer report on route step:
    SWNS [   incr ]    STNS [   incr ]  S-FEPS [   incr ]    HWNS [   incr ]      HTNS [     incr ]    H-FEPS [     incr ]    CELL [   incr ]       WL [    incr ]   RT(s) [   incr ]   MEM(mb) [     incr ]
    -939 [      0 ]   -8156 [      0 ]      20 [      0 ]    -163 [      0 ]    -10973 [        0 ]       239 [        0 ]   16075 [      0 ]  3105280 [       0 ]      24 [      0 ]      1910 [        0 ] : dr_initialization
    -330 [    609 ]    -647 [   7509 ]       2 [    -18 ]      13 [    176 ]         0 [    10973 ]         0 [     -239 ]   16075 [      0 ]  3136352 [   31072 ]      31 [      7 ]      1911 [        1 ] : dr_timing_opt_phase1
   -1248 [   -918 ]  -19504 [ -18857 ]      26 [     24 ]    -163 [   -176 ]     -2349 [    -2349 ]        55 [       55 ]   16075 [      0 ]  3388624 [  252272 ]      46 [     15 ]      1942 [       31 ] : dr_opt_phase1
    -330 [    918 ]    -647 [  18857 ]       2 [    -24 ]      13 [    176 ]         0 [     2349 ]         0 [      -55 ]   16075 [      0 ]  3399856 [   11232 ]      54 [      8 ]      1942 [        0 ] : dr_timing_opt_phase2
    -330 [      0 ]    -765 [   -118 ]       3 [      1 ]    -163 [   -176 ]     -1551 [    -1551 ]        30 [       30 ]   16075 [      0 ]  3398976 [    -880 ]      56 [      2 ]      1942 [        0 ] : dr_opt_phase2
    -330 [      0 ]    -647 [    118 ]       2 [     -1 ]      13 [    176 ]         0 [     1551 ]         0 [      -30 ]   16075 [      0 ]  3403504 [    4528 ]      57 [      1 ]      1942 [        0 ] : dr_timing_opt_phase3
    -330 [      0 ]    -647 [      0 ]       2 [      0 ]    -163 [   -176 ]     -1171 [    -1171 ]        24 [       24 ]   16075 [      0 ]  3399840 [   -3664 ]      58 [      1 ]      1943 [        1 ] : dr_opt_phase3
    -330 [      0 ]    -647 [      0 ]       2 [      0 ]      13 [    176 ]         0 [     1171 ]         0 [      -24 ]   16075 [      0 ]  3402752 [    2912 ]      60 [      2 ]      1943 [        0 ] : dr_timing_opt_phase4
    -330 [      0 ]    -647 [      0 ]       2 [      0 ]     -68 [    -81 ]      -391 [     -391 ]        13 [       13 ]   16075 [      0 ]  3400928 [   -1824 ]      60 [      0 ]      1943 [        0 ] : dr_opt_phase4
    -330 [      0 ]    -647 [      0 ]       2 [      0 ]     -68 [      0 ]      -391 [        0 ]        13 [        0 ]   16075 [      0 ]  3400928 [       0 ]      62 [      2 ]      1946 [        3 ] : multi_try_opt
    -258 [     72 ]    -516 [    131 ]       2 [      0 ]     -68 [      0 ]      -391 [        0 ]        13 [        0 ]   16075 [      0 ]  3400832 [     -96 ]      77 [     15 ]      2040 [       94 ] : post_route_opt
    -258 [      0 ]    -516 [      0 ]       2 [      0 ]      20 [     88 ]         0 [      391 ]         0 [      -13 ]   16075 [      0 ]  3401968 [    1136 ]      85 [      8 ]      2040 [        0 ] : fix_hold_opt

PHY-1001 : End Stage 10 | Report Route Qor; Time: 10.052767s wall, 9.890625s user + 0.109375s system = 10.000000s CPU (99.5%); Memory(MB): used = 1045, reserved = 2150, peak = 2040;

PHY-1001 : Stage 11 | Routing DRC
PHY-1001 : Stage 11.1 | Check And Add Lut-bridge
PHY-1001 : End Stage 11.1 | Check And Add Lut-bridge; Time: 0.084729s wall, 0.093750s user + 0.000000s system = 0.093750s CPU (110.6%); Memory(MB): used = 1045, reserved = 2150, peak = 2040;

PHY-1001 : Stage 11.2 | Lut Bridge Check
PHY-1001 : End Stage 11.2 | Lut Bridge Check; Time: 0.182437s wall, 0.187500s user + 0.000000s system = 0.187500s CPU (102.8%); Memory(MB): used = 1045, reserved = 2150, peak = 2040;

PHY-1001 : Stage 11.3 | Physical Net Status Check
PHY-1001 : End Stage 11.3 | Physical Net Status Check; Time: 0.050767s wall, 0.046875s user + 0.000000s system = 0.046875s CPU (92.3%); Memory(MB): used = 1051, reserved = 2150, peak = 2040;

PHY-1001 : Start multi-drive drc check......
PHY-1001 : No multi-drive.
PHY-1001 : Stage 11.4 | Clock Net Status Check
PHY-1001 : 2 clock net(s) utilize local routing resource.
PHY-5079 CRITICAL-WARNING: Marked 1 clock net(s) utilize the local routing resources. Please check log message and the sinks of clock nets.
RUN-1001 : CTS Local Wire Summary
RUN-1001 : ------------------------------------------------------------------------------------------------------------------------------------------------------------
RUN-1001 :    ClockName    |   DriverType    |  Clock/Fanout  |  LocalWireNum  |                                  NetName                                   |  Marked  
RUN-1001 : ------------------------------------------------------------------------------------------------------------------------------------------------------------
RUN-1001 :        -        |  AL_PHY_LSLICE  |      1/3       |       13       |                  u_SC500CS_top/u_uicfgcs500/u_i2c/scl_clk                  |    -     
RUN-1001 :   pll_clk_24m   |   AL_PHY_SCLK   |     71/72      |       3        |  O_cam_24m_dup_1_created_gclkinst_auto_created_sclk_s_0_l_bk5_sclk_outnet  |   true   
RUN-1001 : ------------------------------------------------------------------------------------------------------------------------------------------------------------
PHY-5088 WARNING: Clock_Analyzer: Detected 1 buffer(s) clkin net because they drive non-clock sinks. Run "analyze_clock -detail" for more infomation.
PHY-5088 WARNING: Clock_Analyzer: Detected 1 buffer(s) clkout net because they drive non-clock sinks. Run "analyze_clock -detail" for more infomation.
PHY-5088 WARNING: Clock_Analyzer: 2 clock-net(s) because they drive other clock net, may cause clock skew. Run "analyze_clock -detail" for more infomation.
PHY-1001 : End Stage 11.4 | Clock Net Status Check; Time: 0.088671s wall, 0.093750s user + 0.000000s system = 0.093750s CPU (105.7%); Memory(MB): used = 1064, reserved = 2150, peak = 2040;

PHY-1001 : Stage 11.5 | Abnormal Timing Path check
PHY-1001 : No abnormal timing path.
PHY-1001 : End Stage 11.5 | Abnormal Timing Path check; Time: 0.157405s wall, 0.156250s user + 0.000000s system = 0.156250s CPU (99.3%); Memory(MB): used = 1064, reserved = 2150, peak = 2040;

PHY-1001 : Stage 11.6 | Bound Check
PHY-1001 : Check Pass.
PHY-1001 : End Stage 11.6 | Bound Check; Time: 0.003052s wall, 0.000000s user + 0.000000s system = 0.000000s CPU (n/a%); Memory(MB): used = 1064, reserved = 2150, peak = 2040;

PHY-1001 : End Stage 11 | Routing DRC; Time: 0.613858s wall, 0.625000s user + 0.000000s system = 0.625000s CPU (101.8%); Memory(MB): used = 1065, reserved = 2150, peak = 2040;

RUN-1003 : finish command "route" in  96.342045s wall, 157.937500s user + 1.468750s system = 159.406250s CPU (165.5%)

RUN-1004 : used memory is 1082 MB, reserved memory is 2150 MB, peak memory is 2040 MB
RUN-1002 : start command "report_area -io_info -file camera_to_dsi_display_phy.area"
SYN-4034 : The count of slices with lut is 9540.
SYN-4035 : The count of slices with lut+ripple is 3093.
RUN-1001 : standard
***Report Model: design_top_wrapper Device: PH1P35MDG324***

Design Statistics
#IO                        80   out of    160   50.00%
  #input                   10
  #output                  47
  #inout                   23
#lut6                   13313   out of  21216   62.75%
#reg                    13727
  #slice reg            13727   out of  42432   32.35%
  #pad reg                  0

Utilization Statistics
#slice                  15446   out of  21216   72.80%
  #used ram               680
    #dram lut             552
    #shifter lut          128
  #used logic           14766
    #with luts           9540
    #with adder          3093
    #reg only            2133
#feedthrough             2453
#f7mux                     32   out of  10608    0.30%
#f8mux                     16   out of   5304    0.30%
#eram                      41   out of    108   37.96%
  #eram20k                 41
  #fifo20k                  0
#dsp                       12   out of     40   30.00%
#ddr_byte                   6   out of     12   50.00%
#mipi_tx                    0   out of      2    0.00%
#mipi_rx                    1   out of      2   50.00%
#pad                       39   out of    160   24.38%
#pll                        3   out of      6   50.00%
#gclk                       9   out of     32   28.12%
#lclk                       0   out of     12    0.00%
#sclk                      22   out of     48   45.83%
#mlclk                      2   out of      6   33.33%
#ioclk                      4   out of     18   22.22%


DataNet Average Fanout:

   Index     Fanout     Nets   
    #1          1       22239  
    #2          2       7916   
    #3          3       1078   
    #4          4        550   
    #5        5-10      2134   
    #6        11-50      570   
    #7       51-100      108   
    #8       101-500     25    
  Average     2.37             

RUN-1002 : start command "update_timing -mode final"
RUN-1002 : start command "start_timer"
RUN-1003 : finish command "start_timer" in  1.775161s wall, 1.765625s user + 0.000000s system = 1.765625s CPU (99.5%)

RUN-1004 : used memory is 1096 MB, reserved memory is 2149 MB, peak memory is 2040 MB
RUN-1003 : finish command "update_timing -mode final" in  4.705578s wall, 4.687500s user + 0.000000s system = 4.687500s CPU (99.6%)

RUN-1004 : used memory is 1097 MB, reserved memory is 2150 MB, peak memory is 2040 MB
RUN-1002 : start command "report_timing_status -file camera_to_dsi_display_phy.ts"
RUN-1002 : start command "report_timing_summary -file camera_to_dsi_display_pr.timing"
RUN-1002 : start command "report_timing_exception -file camera_to_dsi_display_exception.timing"
RUN-1002 : start command "flow_status -file route_flow.status"
Location         : D:\Anlogic\osd_SC500_720P\td_project\camera_to_dsi_display_Runs\phy_1
Running with     : Tang Dynasty v6.2.168116
                   Copyright (c) 2012-2025 Anlogic Inc.
Top Model        : design_top_wrapper
Device           : PH1P35MDG324
Speed            : 3

Timing Mode      : final
Setup            : WNS  -258ps  TNS     -516ps  NUM_FEPS     2
Hold             : WNS    20ps  TNS        0ps  NUM_FEPS     0

Flow Statistics  :
RUN-1001 : Flow Statistics:
RUN-1001 : ---------------------------------------------------------------------------------------------------
RUN-1001 :      command     |  #calls  |  wall time   |  cpu time(s)  |  used memory(mb)  |  peak memory(mb)  
RUN-1001 : ---------------------------------------------------------------------------------------------------
RUN-1001 :       place      |    1     |  2m10s(57%)  |   345(68%)    |       1309        |       1309        
RUN-1001 :       route      |    1     |  1m16s(33%)  |   133(26%)    |       1082        |       2040        
RUN-1001 :     phys_opt     |    1     |   13s(5%)    |    18(3%)     |       2040        |       2040        
RUN-1001 :     fix_hold     |    1     |    7s(3%)    |     7(1%)     |        859        |       2040        
RUN-1001 :     import_db    |    1     |    1s(0%)    |     0(0%)     |        576        |        576        
RUN-1001 :   import_device  |    1     |    1s(0%)    |     1(0%)     |        325        |        325        
RUN-1001 : ---------------------------------------------------------------------------------------------------
RUN-1001 :       total      |    6     |    3m48s     |      504      |       2040        |       2040        
RUN-1001 : ---------------------------------------------------------------------------------------------------
RUN-1002 : start command "report_clock_utilization -file route_clock_utilization.txt"
RUN-1002 : start command "export_db camera_to_dsi_display_pr.db"
RUN-1001 : Exported flow parameters
RUN-1001 : Exported /
RUN-1001 : Exported libs
RUN-1001 : Exported entities
RUN-1001 : Exported ports
RUN-1001 : Exported pins
RUN-1001 : Exported instances
RUN-1001 : Exported nets
RUN-1001 : Exported buses
RUN-1001 : Exported models
RUN-1001 : Exported phy database
RUN-1001 : Exported packer
RUN-1001 : Exported congestions
RUN-1001 : Exported violations
RUN-1001 : Exported ATMR Setting
RUN-1001 : Exported timing constraints
RUN-1001 : Exported IO constraints
RUN-1001 : Exported Inst constraints
RUN-1001 : Exported ChipWatcher
RUN-1003 : finish command "export_db camera_to_dsi_display_pr.db" in  1.191738s wall, 1.671875s user + 0.046875s system = 1.718750s CPU (144.2%)

RUN-1004 : used memory is 1321 MB, reserved memory is 2149 MB, peak memory is 2040 MB
RUN-1002 : start command "commit_param -step bitgen"
RUN-1001 : Print Global Property
RUN-1001 : -------------------------------------------------------------
RUN-1001 :     Parameters    |   Settings   |  Default Values  |  Note  
RUN-1001 : -------------------------------------------------------------
RUN-1001 :    enable_seed    |     off      |       off        |        
RUN-1001 :    hfn_to_clock   |  1000000000  |    1000000000    |        
RUN-1001 :      message      |   standard   |     standard     |        
RUN-1001 :    qor_monitor    |      on      |        on        |        
RUN-1001 :   speedup_effort  |      0       |        0         |        
RUN-1001 :    syn_ip_flow    |     off      |       off        |        
RUN-1001 :       thread      |     auto     |       auto       |        
RUN-1001 : -------------------------------------------------------------
RUN-1002 : start command "set_param bitgen compress on"
RUN-1001 : Print Bitgen Property
RUN-1001 : -------------------------------------------------------------
RUN-1001 :      Parameters     |  Settings  |  Default Values  |  Note  
RUN-1001 : -------------------------------------------------------------
RUN-1001 :         bin         |    off     |       off        |        
RUN-1001 :       compress      |     on     |       off        |   *    
RUN-1001 :       gen_mask      |    off     |       off        |        
RUN-1001 :      max_stream     |     on     |        on        |        
RUN-1001 :      time_info      |     on     |        on        |        
RUN-1001 :   unused_io_status  |   pullup   |      pullup      |        
RUN-1001 :       version       |    0x00    |       0x00       |        
RUN-1001 : -------------------------------------------------------------
RUN-1002 : start command "bitgen -bit camera_to_dsi_display.bit"
RUN-1002 : start command "export_bid camera_to_dsi_display_inst.bid"
BIT-1003 : Start to generate bitstream. 
BIT-1002 : Bitgen processed 3 pll_pd instances.
BIT-1002 : Init instances with 32 threads.
BIT-1002 : Init instances completely, inst num: 16076
BIT-1002 : Init pips with 32 threads.
BIT-1002 : Init pips completely, net num: 25304, pip num: 242951
BIT-1002 : Init feedthrough with 32 threads.
BIT-1002 : Init feedthrough completely, num: 2453
BIT-1003 : Multithreading accelaration with 32 threads.
BIT-1003 : Generate bitstream completely, there are 853876 bits set as '1'.
PRG-1501 : Bit compressed, frame number changed from 3481 to 3459, ratio 0.63%
BIT-1004 : Generate file camera_to_dsi_display_compress.bit.
BIT-1004 : Generate file camera_to_dsi_display.bit.
RUN-1003 : finish command "bitgen -bit camera_to_dsi_display.bit" in  3.276404s wall, 38.234375s user + 1.937500s system = 40.171875s CPU (1226.1%)

RUN-1004 : used memory is 1408 MB, reserved memory is 2150 MB, peak memory is 2040 MB
RUN-1002 : start command "setup_debugger"
RUN-1002 : start command "export_bitgen_param -file .bitgen_param.f"
RUN-1002 : start command "export_flow_status -s opt_place -e bitgen"
RUN-1002 : start command "flow_status"

Location         : D:\Anlogic\osd_SC500_720P\td_project\camera_to_dsi_display_Runs\phy_1
Running with     : Tang Dynasty v6.2.168116
                   Copyright (c) 2012-2025 Anlogic Inc.
Top Model        : design_top_wrapper
Device           : PH1P35MDG324
Speed            : 3

Timing Mode      : final
Setup            : WNS  -258ps  TNS     -516ps  NUM_FEPS     2
Hold             : WNS    20ps  TNS        0ps  NUM_FEPS     0

RUN-1001 : Flow Statistics:
RUN-1001 : ---------------------------------------------------------------------------------------------------
RUN-1001 :      command     |  #calls  |  wall time   |  cpu time(s)  |  used memory(mb)  |  peak memory(mb)  
RUN-1001 : ---------------------------------------------------------------------------------------------------
RUN-1001 :       place      |    1     |  2m10s(56%)  |   345(63%)    |       1309        |       1309        
RUN-1001 :       route      |    1     |  1m16s(32%)  |   133(24%)    |       1082        |       2040        
RUN-1001 :     phys_opt     |    1     |   13s(5%)    |    18(3%)     |       2040        |       2040        
RUN-1001 :     fix_hold     |    1     |    7s(3%)    |     7(1%)     |        859        |       2040        
RUN-1001 :      bitgen      |    1     |    3s(1%)    |    39(7%)     |       1408        |       2040        
RUN-1001 :     import_db    |    1     |    1s(0%)    |     0(0%)     |        576        |        576        
RUN-1001 :   import_device  |    1     |    1s(0%)    |     1(0%)     |        325        |        325        
RUN-1001 : ---------------------------------------------------------------------------------------------------
RUN-1001 :       total      |    7     |    3m51s     |      543      |       2040        |       2040        
RUN-1001 : ---------------------------------------------------------------------------------------------------
